學校名稱,計畫名稱,計畫場域,計畫經費 (TWD),SROI 指標與成效,執行重點與特色,資料來源
國立高雄科技大學,鄰家好漁形塑計畫,國內固定場域：屏東縣林邊鄉林邊創新服務中心。國內其他場域：林邊、佳冬、枋寮、高屏地區水產養殖產區。國外固定場域：日本高知縣高知大學次世代地域創造中心。國外其他場域：日本長野縣松本市。,"核定總金額 8,800,000 元（補助款 8,000,000 元，配合款 800,000 元）。","智慧養殖系統辨識準確率達 95%；輔導 120 位業者，減少 1,254 公噸碳排放；無用藥技術使藥物使用頻度減少 38%，換水量減少 25%；水產品加工創造國際市場 2,100 萬日幣及台灣 840 萬台幣銷售額；利害關係人信任度普遍提升，學生跨域解決問題能力正向回饋約 88%。",以「友善智能化養殖輔導」、「水產食品安全與加值應用」、「品牌行銷與食漁教育推廣」、「國際社會實踐連結」四大策略為核心。特色包含建置 I-Turn 地方創生學分學程、開發魚鱗膠原蛋白飲品實踐循環經濟、舉辦台日印國際共好實踐競賽，以及與日本高知、千葉等大學進行跨國共學工作坊。,1
中華大學,驛動新埔-種希望樹、點幸福燈之綠色共生,新竹縣新埔鎮新埔市街與霄裡溪沿線村里,"2,750,000",以人才培育為例，投入資源初估 124 萬元，產出 440 萬元，SROI 值達 1:3.5，顯示人才培育執行效益顯著。,核心特色包含環境復育、產品行銷與教育推廣。推動「山林復育」及「以樹養老」理念，集結企業力量進行閒置茶園復育、開發在地特色產品（如宗祠意象燈具）、推廣代間共學。建立跨院系合作模式，透過 OKR 目標管理追蹤 14 項指標。,2
國立臺北科技大學,原住民部落安居構築與綠色樂業推動計畫,南投縣仁愛鄉東岸部落、新竹縣尖石鄉石磊部落,"7,700,000",採用參與式觀察法及訪談計算社會投資報酬率。具體成效包含培育 252 名學生、辦理 13 場延伸工作坊、與 15 間社群單位合作；提出部落總體防洪及水土災害應對模型。,包含「社會連結」、「部落創新」及「再造倫理」三大策略。特色包含傳統獵寮與現代建築結合實構築、建置智慧冷鏈運銷系統、賽德克族歷史數位典藏與食農教育。推動原青凝聚與返鄉青年住宅運動。,3
國立臺灣藝術大學,文化河流 文資串流-淡水河水系流域文化資產保存計畫,新北市（板橋、汐止等22區）、臺北市（大同、萬華等10區）、桃園市（八德、大溪等4區）、新竹縣（關西、尖石）,"3,025,000",量化指標包含完成 14 案文資健診、調查 10 個行政區（34 座建築、59 件文物）、辦理 18 場傳藝推廣活動。質化成效包含學生建築製圖證照考取、匠師認證，及 2 案 Matterport 3D 場域活化。,以「文資健診」、「記錄保存」、「傳藝推廣」、「場域活化」為四大核心。特色亮點包含老建築數位化保存（Matterport 3D 虛擬空間）、傳統工藝新生代匠師聯展（尬藝 2.0）、出版淡水河流域文資專書。,4
明新學校財團法人明新科技大學,新竹縣五峰鄉隘蘭軌跡人文、生態、空間、孵創基地計畫,新竹縣五峰鄉隘蘭道路沿路（上大隘部落、白蘭部落）,"2,750,000",完成賽夏族頭目之子手稿翻譯彙編（五冊/40主題/61篇）、製作 tinato' (帝那度) 祭儀空間導覽 APP 與 AR 服飾體驗。參與學生人數達到 156 人次。,側重於賽夏族與泰雅族之文化復振與產業孵化。特色包含發掘吾拜達路生平傳記、重構 tinato' 祭儀文化空間（3D/MR 模擬）、結合時尚系李明川老師設計賽夏族創新服飾、白蘭部落生態旅遊行銷。,5
嘉南藥理大學,嘉藥攜手阿蓮：賦能偏鄉社區x築夢幸福家園,高雄市阿蓮區（阿蓮、南蓮、崗山、峰山、石安、中路、崙港、玉庫社區、阿蓮樂智學堂）、台南市關廟區（東勢社區、元極舞協會）、高雄市田寮區（田寮老人福利協進會、山城農村協進會）、高雄市茄萣區（白雲社區、茄萣婦女工作協會）,"7,150,000","度小月肉燥罐頭已外銷至7個國家；112-113年營業額提升1,219,861元；阿蓮區長輩參與增加2%，社區住民對生活品質感滿意。",整合3院14個系所，擘劃「優化偏鄉照顧資源」、「銀髮多元健康促進」與「友善食品營養加持」三大分項。推動USR微學程，培植跨校院專業輔導團隊。,6
國立澎湖科技大學,與海為生-澎湖混獲資源化與海洋食魚教育,澎湖縣白沙鄉（丁香魚產銷班、赤崁國小、赤崁漁港）、湖西鄉（湖西國小）、馬公市（五德國小、風櫃國小、第三漁港）、西嶼鄉（池東國小）、鎖港（定置網漁場）,"3,025,000",完成8魚種教材教案，辦理111場次食魚教育，受惠學童1182人次。發現2種台灣新紀錄種魚類並發表論文。完成一件技術移轉案。,針對漁業混獲進行資源化研究，開發下雜魚料理SOP與加工食品。培養大學生擔任食魚教育種子教師，帶領國小學童進行五感實物教育與戶外教學。,7
耕莘健康管理專科學校,「足好」-照顧者身心適能健康促進計畫,宜蘭縣三星鄉（勁好園綜合長照機構、尊親館社區長照機構）、羅東鎮（聖母居家長照機構、博愛居家護理所）,"2,750,000",健康管理平台註冊達363名。足部反射培訓提升照顧者自癒力；學生赴日實習推廣FJM健康操，產生國際正向影響力。身心技法學員滿意度高，身體疼痛獲改善。,守護第一線照顧者健康，推廣足部反射健康法（FJM）。引進身心學技法與律動。建置照顧者健康管理智慧輔助系統。鏈結學海築夢進行海外實習。,8
耕莘健康管理專科學校,循環永續、共伴創生,宜蘭縣宜蘭市（宜蘭縣農會）、羅東鎮（五分火車平地線）、五結鄉、三星鄉（安農溪、大洲車站）、蘇澳鎮（朝陽社區）、礁溪鄉、新北市坪林區（北頂茶園）,"3,025,000",衍生7案產學合作近300萬元；協助企業取得384萬元計畫經費。研發產品獲世界品質評鑑大賞(Monde Selection)多項金、銀獎。米糠酒獲選宜蘭縣府伴手禮。,推動農棄物循環經濟（米糠、蔥根、茶梗等）六級產業化。建立大洲車站與青出宜蘭青創基地。人才培育向下紮根至國中小職探中心。推廣溫泉農遊健康產業。,9
聖約翰科技大學,北海岸跨領域共學共創共耕基地建構與創新生活文化圈整合創生深耕計畫,新北市淡水區（埤島里共耕基地、義山里、淡海新市鎮、重建街）、石門區（有機農業地區、海灣新城、老梅國小）、三芝區、新北市坪林區、台東縣台東大學與山海原民部落,"2,750,000",全國三創競賽共獲25組獎項；主辦農藝樂活市集吸引累計2000人次參與。建置北海岸文創購物車平台（10萬字圖文稿）。紀錄片保存地方文史。,建構「農業x藝術」共學共耕基地。導入AI與ESG於農業應用。推廣地產地消模式，媒合淡海新市鎮管委會與小農通路。結合影像紀錄、文創商品設計與食農教育繪本。,10
南臺科技大學,藏碳蘊漁：古都土城仔綠電創能與智動養殖之跨界整合永續淨零發展計畫,臺南市安南區土城養殖魚塭場域,"2,750,000",本計畫推動社會影響力評估行動的學習循環。量化資料顯示，113年人才培育工作坊滿意度高（合計449參與人次），問卷分析顯示學生在跨域能力與專業信心有統計顯著提升（p < 0.001），由前測2.90升至後測3.37。,以「人才培育」為跨領域教學主軸，結合四大課群（綠電、感測、創意機構、國際行銷）。特色包含建置小型綠電系統、開發AIoT智慧聯網技術於漁業轉型，並推廣食魚教育與綠能工作坊。,11
國立成功大學,台南400年：從倒風內海到東原山林溪北傳統特色產業的升級之路：復振與新生,臺南市後壁區、六甲區、白河區、東山區、學甲區、麻豆區、北門區、七股區；印尼楠榜省及東爪哇省,"7,700,000",採用CIPP模式評估。量化成效包含累計修課學生915位、參與社區實踐活動209位、建構台灣咖啡評鑑系統，並回收學生問卷100份與利害關係人問卷20份以進行滾動式修正。,整合人文歷史（文化底蘊再創）、工程防災（共榮友善環境）及生物科技（知識技術轉譯）。重點在於推動東山咖啡產業升級（六級產業化）、六甲藍染傳統產業復振，以及自然農法與水資源管理推廣。,12
國立清華大學,REAL+：新竹區域產業與文化支持系統,新竹舊城區（東門市場、中正台商圈）、芎林竹北交界（東海璞玉田）、關西馬武督區域,"9,900,000","參考SROI指標研究成果設計評鑑。成效包含活化東門市場130個攤位並創造220個就業機會，獲2024 TSAA台灣永續獎金獎。113年累計3,572位場域參與人次，28門課程共1,338位學生修課人次。",建構「地」結良緣校級品牌。特色包含成立十里方圓合作社、推動玻璃環保回收再利用、開發咖啡電子鼻科技與智慧稻田監測，以及推動大新竹區域「移居」議題與《域報》出版。,13
財團法人明新科技大學,客話茶金三生味—韌性茶鄉創生計畫,新竹縣北埔老街與周邊,"3,025,000",量化指標包含修課學生120人次、地方人士參與13人、合作團體3個。透過前後測評估學生在創意思考與問題解決等六大面向之學習成效，並邀請外部專家進行績效考核。,核心為「兩感三力」（歷史感、價值感、創造力、設計力、數位力）。特色包含北埔文史資源盤點、食茶教育系統開發、AR/VR科技典藏在地古蹟，以及推動北埔「青空間」與青年創業平台。,14
淡江大學,守滬樂齡宜然自得：建置以長者為關懷的「為愛 AI 陪伴」手機 APP,新北市淡水區正德里、鄧公里；宜蘭縣礁溪鄉吳沙社區,"2,750,000",依AA1000標準鑑別利害關係人。APP載具安裝148次。調查顯示64%長者感滿意，41%長者孤獨感降低，69%對淡江大學好感度增加。學生自我成長度與同理心評分均達8分以上（滿分10）。,建置「為愛 AI 陪伴」APP，功能包含AI情緒辨識、活力檢測、心情打字機等。特色為跨領域設計思考（人文x科技），結合長者健康促進活動、鄰里據點服務，並與日本長照機構進行國際交流。,15
修平科技大學,再現田頭水—田中、社頭、二水區域整合計畫,固定實踐場域：社頭國民中學、田中高級中學、文興高級中學、田中鎮農會、社團法人彰化縣新移民協會、彰化縣觀光導覽解說協會、彰化縣馬拉松路跑協會、中華民國舒康樂活運動協會、彰化縣二八水觀光商圈發展協會、彰化縣二水鄉源泉社區發展協會、田中太平社區發展協會、禾果農園、玉米娃娃工作室、呂底亞咖啡店、日日掘力有限公司,"3,052,500",以PDCA模式評估；包含質化與量化成果，如：食農講堂9場次194人次、食農教育286人次、烘焙課程402人次、職能教育、農村旅遊437人次等量化數據，質化成效包含建立地方合作平台、盤點田頭水魅力、研發創新商品等。,地方創生教育（文化、食農、職能）、永續旅遊推廣（農村、食農、產業）、在地品牌行銷（商品研發、農村觀光季、社群網站）。特色包含與在地高中職合作、結合專業課程回饋當地、跨域交流執行經驗。,16
國立成功大學,相伴2026：互為主體、互利共好、底蘊再創,國內固定場域：臺南市六甲區林鳳社區、官田區渡拔里、北區長勝里、中西區溫陵社區、安平區國平社區。國外固定場域：日本千葉縣長柄町、新加坡中區兀蘭關懷樂齡活動中心。,"7,700,000",採用CIPP評鑑。量化：師生參與1045人次、實踐型活動313場、合作微社群15個。SROI案例評估如：千歲咖啡試營運研習日SROI為1.125。,互為主體（實踐課程/研究）、互利共好（子議題運作）、底蘊再創（凝聚集體意識）。核心特色為跨世代扶持網絡、歷史區域再生、國際人才培育基地及跨國密集課程（與日本、新加坡大學合作）。,"17, 18"
實踐大學,漸凍症病友科技生活設計,臺北市中山區：中華民國運動神經元疾病病友協會（漸凍人協會）,"3,300,000",以PDCA與CIPP評鑑。量化：產出162件設計作品、錄製20位病友語音、講座22場。質化：提升學生同理心與議題關懷，評量得分達4分以上，利害關係人滿意度達4.6分。,照護輔具與智慧溝通、美感病理服飾、家庭與情緒輔導、社會資源連結、宣導影音、語音銀行與再現。跨校連結臺北大學通訊工程系，鏈結Dell、仁寶等知名企業。,19
致理科技大學,女王的呼召—萬金國際旅遊實驗共生協作平台,新北市萬里區野柳國際旅遊實驗基地、金山區金山漫遊聯盟基地,"3,025,000","採SROI衡量。量化：修課學生988位、業師授課13場、跨校活動445人次。案例「千歲咖啡試營運」SROI值為1.125。外部資源挹注達2,057,046元。",建立萬金國際旅遊平台、創設國際遊程風土規劃師跨域學程、建立媽祖愛心公益平台（青銀共融）、連結跨國資源。亮點為與日本JTB合作接待高校生修學旅行、榮獲全國社區「金點之星獎」。,18
臺北市立大學,臺北城西文化地景的沉浸式再現：人文藝術結合城市行銷培力的永續實踐,臺北市萬華區：剝皮寮歷史街區（台北市文化基金會城西營運部）,"2,778,000",量化：活動參與學生313位、展演觀眾達340人次（剝皮寮）與300人次（大稻埕）。質化：觀眾滿意度平均達4.6以上，成功活化歷史空間並提升校譽形象。,以沉浸式藝術表演（時光留痕）與音樂劇（三市街）重現台北歷史。特色為跨域協作（音樂、舞蹈、動藝、都經、休管六系聯手）、城市行銷培力、戲劇導覽APP保存文史內容。,20
中國科技大學,共創深坑文化永續韌性社區與多元加值計畫,新北市深坑區渡船頭廣場與深坑老街,"2,750,000",依七面向質化與量化指標評估，包括開設17門課程(達成率106%)、產出29份報告(126%)、辦理55場活動(203%)、完成8份工作手冊(133.3%)；修課學生評量平均4.48分。,援引聯合國5Cs策略，推動文化轉譯、創生與韌性防災；建立GIS空間治理平台，整合歷史與即時資訊；獲選ICOMOS全球21個夥伴之一。,21
南臺科技大學,文化底蕴的在地創生與傳播--府城vs月津,臺南市中西區五條港神農街區、鹽水區鹽水月津港區,"7,480,000",神農街燈展賞燈人次超過十萬；鹽水場域完成8所國小參與課程；神農街元宵燈展獲住民高度肯定為「台南最美夜景」。,貫徹世遺5Cs策略，建置神農街街區博物館及月津文化生活館；開發「尋麵啟事」城市解謎遊戲；將元宵花燈轉化為在地路燈。,22
正修科技大學,齊聚新民·旗育津采,高雄市旗津區,"2,750,000","輔導52名新住民考取國家證照；「168新光幫」課後陪伴新二代達1,000小時；旗津市集活動收入達500萬元；榮獲2023台灣永續行動獎金獎。",以職能訓練、二代教育與族群融合為三大主軸；結合台積電供應商與專業檢測開發「津點魚露」；辦理「想家ATM」舒緩僑生思鄉愁緒。,23
亞東科技大學,新北師生資訊科技增能計畫,新北市立重慶國民中學、新北市立積穗國民中學、新北市立中正國民中學、新北市立育林國民中學、新北市立明志國民中學、新北市石碇國中,"3,250,000",資料未提及 SROI 量化數值。質化成效包括學員在跨域與系統學習構面有顯著成長，對課程滿意度平均介於 5.22 至 5.86 之間 (7分制)。,以 App Inventor 遊戲、mBot 機器人、Webduino 物聯網、針織品視覺藝術設計為四大主題。特色包含大小攜手共學營、種子教師培力及開發低功率智慧誘蟲盒專利。,24
南華大學,推動碳中和農業,嘉義縣民雄鄉菁埔社區、金門縣烈嶼鄉、雲林縣、花蓮縣,"2,750,000",資料未提及 SROI 量化數值。量化成效包括培訓人才達 1252 人次，完成碳足跡查證 15 件，建立 206 部數位影音教學影片。,建立專屬農企業的碳盤查平台。核心特色為培育碳盤查與環境教育人才，推動無抗養殖技術、海藻海底造林固碳及有機農業工法。,25
國立聯合大學,共下生活學習實驗室：打哪叭共創聚落計畫,苗栗縣銅鑼鄉 (打哪叭溪流域)、三義鄉勝興社區,"2,750,000",資料未提及 SROI 量化數值。質化成效透過利害關係人訪談與「學習契約」進行自我評估，建立大學與社區的信任關係與跨社群學習模式。,成立 NUUxUSR 社區學習實驗室。特色包含「學習契約」自主學習工具、MR 參與式規劃工作坊、新生活市集以及將在地文化轉譯為文創商品。,26
國立臺灣海洋大學,三漁興旺-國際藍色經濟示範區,基隆市 (八斗里、正濱漁港等)、新北市貢寮區、連江縣 (馬祖四鄉五島)、日本、越南、菲律賓,"9,720,000",資料未提及 SROI 量化數值。建立社會與藍色影響評估模式 (ASBI)，113 年收集 362 份有效問卷，分析校務治理、人才培育、地方需求與國際連結四面向成效。,藍色經濟五項實踐主軸。亮點包含珊瑚復育近五千株、海藻固碳技術、馬祖智慧醫療義診、台日地方創生雙向交流及淡菜精產品開發。,27
朝陽科技大學,「雜糧紮根，豐味深釀」崙元廊道增韌擴散計畫,雲林縣二崙鄉崙西社區、褒忠鄉有才社區、元長鄉鹿北社區,"7,150,000",資料未提及 SROI 量化數值。依 OKR 進行評估：45.8% 學生提升專業技能，85.2% 社區成員認為提升社區凝聚力，95.9% 成員對活動表示肯定。,打造「崙元廊道」友善耕作。核心特色為開發 AI 智慧誘蟲盒、花生殼回收製成瑜珈墊、開發銀髮友善食譜及建置「USR 實踐基地」。,28
國立臺東大學,都蘭之蘭調創生—友善土地的共作共好,臺東縣東河鄉都蘭部落（固定實踐場域）、都蘭國入境大廳、阿度蘭農場、都蘭鼻、祥銓農創之沉香森林,"3,450,000",資料未明確提及 SROI 具體比率。成效包含產學合作或試製試銷產值目標 120 萬，並透過跨領域統合課程學習反饋與 OKR 關鍵結果（如 113 年度 9 門跨領域課程、195 名學生參與）評估長期社會影響力。,以「都蘭國」地域品牌為核心，新設「在地創生學程」推動跨域人才培育；結合阿美族傳統知識與現代科技經營「阿度蘭農場」實踐友善土地；與東部生物經濟中心合作試製「野菜益生菌發酵粉」提升產業產值。,29
國立陽明交通大學,青銀攜手‧科技協力‧賦能社區‧守護獨老行動計畫,臺北市北投區（健康服務中心、市立北投運動中心、吉慶社區、榮光社區、尊賢里）、新北市三芝區（衛生所、後厝里、福成社區）、新竹市東區（光明里、綠水里）,"7,480,000","資料未明確提供 SROI 數值。量化成效包括提供社區長者服務 1,821 人次、培育志工 41 位、開設 13 門跨領域課程。質化成效包含長者 SPPB 行動能力分數提升（由 9.43 提升至 9.57）及 AI 姿態評估改善率達 75%。",五大策略推動：獨老服務創新、社區健康培力、智慧科技運用（開發天龍八步 APP 與 Rabboni 遊戲）、友善環境改造（居家安全木工體驗）及高齡財務諮詢（防詐騙宣導）。強調青銀共學與科技輔助在地安老。,30
正修科技大學,新埤纖境- 創造新埤鄉的再生力量,屏東縣新埤鄉（含新埤社區發展協會、餉潭國小、新埤國小、林后可可園、南州農會、新埤伯公下公園、張家伙房）,"3,025,000",資料未提供 SROI 數值。主要成效包含農產品推廣收入 60 萬元、媒合漢來大飯店採購新埤農產 100 萬元；協助青年返鄉就業 8 人；社區參與活動滿意度由 85% 提升至 96%。,三大主軸：農產加值品牌行銷、休閒觀光悠遊新埤、青年就業食在新埤。亮點包含輔導「共下咖啡」創業、協助林后可可研發美妝產品出口國際電商、以及運用建築專業進行「伯公下公園」社區營造。,31
淡江大學,農情食課：建構北海岸永續食農教育基地,新北市淡水區、三芝區（錫板里、二號倉庫、中泰國小、三芝國小、興華國小）、石門區（嵩山社區、大傻瓜農場、阿三哥農莊）,"7,150,000","資料未提供 SROI 數值。量化指標顯示參與人次超過 1,000 人、開發食農教案 42 份；單場「梯田排球嘉年華」吸引 500 人次並帶來 10 萬元經濟效益。研究指出課程顯著提升大學生職業適應力。",正式成立「食農教育人才培育學分學程」；推動「大朋友帶小朋友」模式入班中小學教學；舉辦特色活動如水梯田排球、山海探險家夏令營；開發「不時不食」蔬果卡牌獲國科會競賽獎項。,32
黎明技術學院,新北市新泰樹地區新住民及新二代時尚民生職能提升培育計畫,新北市泰山區（泰山區娃娃產業文化館、黎明技術學院校區）、林口區、新莊區（與樹人家商、莊敬高職等校合作場域）,"2,750,000",資料未提及 SROI。執行成效包含完成活動 75 場、社區實踐 718 人次、5 門證照課程；成功輔導新二代學生獲得世界皮革大賽銅牌及全國技能競賽獎項；媒合 42 家廠商提供 349 人次餐飲實習機會。,「新」飲食、「新」休閒、「新」形象三大主軸。特色為針對新住民與新二代推動「親子共學、師生共構、永續共創」；結合時尚民生職能（如泰式娃衣、美甲設計、異國料理）提升弱勢族群就業競爭力。,33
國立臺灣大學,大學 PLUS：臺灣鄉創俱樂部,固定實踐場域：宜蘭縣南澳鄉南澳部落、東岳部落；桃園市大溪區大溪。2. 其他性質場域：無。,"5,500,000",資料來源中未提及 SROI 量化數值，質化成效包括：大溪場域順利建置地方人才庫並開始推動互助交換；南澳場域透過林場學校課程培育場域關係人口，學生自主回訪建立換工模式；與利害關係人進行焦點團體訪談以實現自我檢核評估。,以大溪作為「青創基地」及南澳發展「海山基地」；導入「開源導師支持模式」(Open Source Mentorship)；推動「社區遊戲共創」與「地方策展旅行」商業模式；建置「時間銀行人才庫」能力互助交換網絡。,34
大同大學,同興協力—應用公民設計科學於社區學習教學與場域實踐,固定實踐場域：臺北市大同區貳拾號公民會所；新北市三峽區臺北榮譽國民之家。2. 其他場域：華江濕地、劍潭山親山步道、八德埤塘、龜山苗圃。,"2,937,958",資料來源中未提及 SROI 量化數值，質化成效包括：建立安置性、形成性及總結性評量機制；學生成效滿意度達 4.3 分；成功開發「前進吧！埤塘使者」等環境教育桌遊與教案；協助臺北榮家家史館數位化。,以公民設計科學為核心，推動城市社區公民行動、生態實踐及高齡福祉永續；結合 PDCA 流程進行成效評估；透過跨領域課程模組(如現代公民素養、桌遊設計)培養學生實作與驗證能力。,35
景文科技大學,永續餐飲 SDGs 教育及社會責任計畫,固定實踐場域：臺北市內湖大成集團、新北市中和奧利塔學院、坪林青年茶葉發展協會、山号整合設計、台灣咖啡發展協會、福茶苑、基隆正濱和平島商圈、貢寮養殖漁業養殖協會等。2. 其他：基隆委託行商圈、文山農場。,"3,025,000","資料來源中未提及 SROI 量化數值，量化成效包含：1,521 人次參與研習，1,230 人次修習學程課程；質化成效：帶動福茶苑與奧利塔廠商生意成長；畢業學生成功創業(宜蘭覺品咖啡)；發布吃好魚宣言及永續食力講座。",三大議題主軸：永續飲食文化、食茶教育、食魚教育；設立「永續餐旅微學程」與「微課程」；接軌國際餐飲大師技藝結合在地食材；推動大手牽小手，攜手技高端學校(如淡水商工、智光商職)共同參與。,36
中原大學,團結經濟、文化夥伴－桃園大海社區文化創生計畫III－航空城計畫進行式的人文延續,桃園市大園區（桃園航空城計畫範圍，以大海里、後厝里、竹圍里、圳頭里、沙崙里為核心）,"7,150,000",加權後之 SROI 結果為 2.24,以文化延續為目的，深耕人文教育（校園聯盟、桃園在地學）、推廣場域活動（古蹟日、季刊）、經營歷史現場（駐地工作站、蒐集居民物件）及延續跨界文化網絡（日本地方創生交流）。,37
亞洲大學,學習不孤單：偏鄉AI雙語學伴培育計畫,臺中市后里區、豐原區、梧棲區、霧峰區；南投縣魚池鄉、南投市、竹山鎮、中寮鄉、埔里鎮；彰化縣和美鎮、鹿港鎮,"2,750,000",不在資料中,培育大學生成為線上學伴，運用 AI 語言平台協助偏鄉國高中生學習英語或第二外語。核心包含 AI 科技輔助學習、協助合作學校持續學習及培育具國際觀之全球公民。,38
南臺科技大學,跨樂尬陣：南流西起共融藝起來,臺南市西港區（西港社區、港東里社區、慶安社區發展協會）,"2,750,000",不在資料中,以「在地共融創演學分學程」為核心，將流行音樂與西港傳統文化（陣頭、歌謠）結合，創作出音樂定目劇與新謠，並透過文資保存計畫（電子繪本、紀錄片）推動社區發展。,39
樹德科技大學,橫山 USR 333-1 綠色永續 x 整體實踐,高雄市燕巢區（橫山共創基地、區公所、國中小）、鼓山區（第一市場）、臺南市仁德區（家具博物館）、中西區（原廣陞樓）、屏東縣高樹鄉、南投縣南投市,"8,800,000",透過多元化的創意行動方案，產生顯著的社會投資回報率 (SROI)，具體數值未詳列,推動橫山 3 創服務設計中心、橫山工藝聚落（6+n 主題工坊）及燕巢教育創夢系統。特色在於閒置空間活化、斷鏈產業鏈結及「大學‧造局者」人才培育。,40
馬偕醫學院,脫穎而出成為茭佼者,新北市三芝區（福成社區發展協會、樂天社區發展協會）,"2,262,500",透過意見調查與前後測問卷，在知能增進與選題契合度等指標達成 85-97% 肯定,鏈結生醫研究優勢與三芝特產（茭白筍、地瓜），開發生技加值衍生產品（如植萃皂、教具）。特色包含「三芝四季」微課程、創新創業教育及 CxM 社會責任實驗室。,41
亞東科技大學,翻轉社區高齡復健患者及應用於醫療院所與遠距科技照護大行動,亞東紀念醫院（新北市板橋區）、臺北榮民總醫院（臺北市北投區）、板橋區華興里活動中心、南雅公園市民活動中心、陽明交通大學附設醫院（宜蘭縣宜蘭市）,"3,000,000",2場健檢服務滿意度達4.43 ~~4.81分（5分制）、10場里民講座滿意度達4.14~~ 4.89分。遠距復健改善銀髮族運動排碳路徑，符合減碳效應。,包含醫療院所運動復健、社區健康促進、社區型遠距運動復健三大主軸。亮點包含學生研發硬體獲2024發明展多項金牌、協助教師升等，及赴印尼雅加達進行國際交流。,42
國立中央大學,身生不息─桃園身障包容科技與包容創業教育,桃園市（中壢區、楊梅區、八德區）之身障相關社會企業與非營利組織（如脊髓損傷潛能發展中心、陽光基金會桃竹中心、寶貝潛能發展中心）,"3,025,000",傷友在「包容跨領域知識」、「自我效能」、「團隊夥伴信任」預期成果提升20%~43%。計畫由SROI高、初階執業師帶領評估，產出多份機構社會影響力報告書。,聚焦包容創業教育、包容科技實驗室、課程營隊、倡議共學四大主軸。特色為傷友與學生共組團隊研發產品（如充氣保護手套），並導入Salesforce系統建立NPO數位治理。,43
國立中山大學,產學合創·跨域實踐：共構地方永續協作平台,固定場域：高雄市大寮區（地方創生計畫）。其他場域：高雄市前鎮區（雷科企業廠區）、旗山區（有機農、糖廠社區）、屏東滿洲鄉及枋山鄉。,"7,150,000",113年度亮點專案SROI估值：嬉遊手巾聊(1.06)、可可夢工廠(1.89)、馬雅各服務團(1.33)、微型企業數位轉型(1.90)、高齡築夢(2.19)、大寮小學生體驗營(3.28)。,建立CEES協作平台，連結USR與企業CSR。重點包含偏鄉醫療服務團、薪傳智庫弱勢課輔、企業永續學程，並導入SROI評估工具進行專案管理與貨幣化成效檢視。,44
國立中山大學,作為 NATIVE 博物館的霧台-原民社會自然文化共構之永續學習計畫,屏東縣霧台鄉（谷川、神山、大武部落）、屏東市（屏東縣霧台鄉公所等）,"3,000,000",本計畫建立系統化成效評估機制，學生問卷回收 194 份，質化成效包含提升專業知識、團隊協作、社會責任感與建立永續發展觀念。,以將霧台申請為世界文化遺產潛力點為最終目標。核心特色包含「文化、教育、創生」三大主軸，推動小米復耕、山林倫理教育、部落藝術策展及與日本千葉大學跨國 PBL 合作。,45
國立屏東科技大學,老幼共榮、幸福陪伴-營造屏東老幼永續幸福家園,屏東縣內埔鄉（內埔社會福利綜合館、燈籠花社區營造協會、隘寮社區發展協會、平原鄉土文化協會）,"3,025,000","活動滿意度達 91.56%。19 名學生修畢跨域學程，完成 198 場各類座談與體適能檢測活動，服務人次達 4,007 人。",強調「老幼動動、老幼食代、老幼知能、老幼陪伴」四大模組。特色包括負重水袋特色運動、工作犬動物輔助治療系列課程、以及祖孫父幼日代間學習。,46
東海大學,一所大學守護一條河的四校聯盟行動,臺中市（筏子溪、東大溪、惠來溪、潮洋溪、旱溪排水、綠川、柳川）,"2,870,000","開設 31 門專業課程，擴及學生 1,266 人次。100% 達成河川生態問題盤點與水質分析報告之量化指標。",由東海、逢甲、中興、中教大四校聯盟。結合生態、經濟、社會、文化永續，重點包含商圈油脂截流倡議、微水力發電量評估、以及柳川文史影像記錄。,47
淡江大學,淡水好生活：山海河賦創設計行動,新北市淡水區（淡水百年市街、重建街、公司田溪、正德里社區、大淡水區及周邊地區）,"9,900,000","本年度執行 44 門課程，總計 1,657 位學生修畢。淡水生活節參與者對淡水認同感優勢比達 73%，整體活動價值強度達 79%。",核心為「山海河賦創設計行動」。包含 2024 淡水生活節、重建街 Open Studio 活化、家鄉守護公民科學家（水質監測）以及「滬青學」人才培育系統。,48
台南應用科技大學,消失的針線-刺繡技藝傳承與記憶延伸,臺南市安南區（月光繡莊）、中西區（光彩繡莊、陳德聚堂、天興繡莊、臺灣喜佳）、安定區（神龍興繡莊）、新市區（泰福繡莊、嘉方實業）、永康區（建昇蕾絲）、高雄市楠梓區（台弟工業）、臺北市南港區（慈星實業）,"3,025,000",透過問卷與焦點團體訪談檢核教學品質及文化認同度，建立修復人才庫並落實在地古物修繕，促文資保存與活化。成果顯示課程數量、參與人數及刺繡作品產出均超預期。,以「在地連結」、「人才培育」、「文化永續」為核心，透過藝師傳承專業培訓、跨域創新數位推廣、建置刺繡工藝服務平台及拓展國際能見度（如前往西班牙交流並簽訂 MOU）。,49
國立彰化師範大學,彰化風光 風光彰化,彰化縣二林鎮（萬興國民中學）、埔心國中、福興國中、寶山校區、彰化縣在地中小企業（42家廠商）,"3,025,000",協助42家廠商完成碳盤查，培訓25名師生獲得ISO14064證照。教師滿意度達4.5，活動滿意度達4.47，碳盤查服務滿意度達4.72。綠能微學程修課人次達2187人。,推動綠能USR微學程、開發身障生適用教具（打破教育不平等）、架設太陽能發電系統（如埔心國中）、協助中小企業節能減碳與ESG轉型。,50
朝陽科技大學,貓裏青農設計培力再生活化,苗栗縣大湖鄉（返青富民聯盟、山上種樹牛樟森林休閒農場、橘二代、茅鄉炭坊、貝岩居農場、春田窯、玉順紅棗園等）,"3,025,000",112年曾使用SROI計算，本年度改採問卷分析：返鄉青年對提升設計美學、故事行銷能力之滿意度達80%以上。開發17項農廢商品，協助茅鄉炭坊業績成長30%。,整合設計能量活化農廢（如小花蔓澤蘭皂、橘子枝鋼筆），建立「貓裏法默」共同品牌與電商平台，推動「以戰代訓」培力種子學員進行社會倡議。,51
華梵大學,無人機山區防災救災系統-石碇模式,新北市石碇區（石碇山區、雲海國小、石碇國小、石碇集順廟等）,"2,750,000",完成19班次飛手培訓（共163人參與），12人取得專業學科證、3人取得術科證。完成10處土石流潛勢區空拍紀錄。建立「石碇山區獨居長者關懷服務試辦計畫」。,研發特殊救災無人機（物流機可籌載3kg飛行10km），建立12里飛行廊道，提供偏鄉緊急物資運送（藥品、食物），具備「原場考照」優勢。,52
靜宜大學,淺山精靈的守護：生物多樣性的行動倡議與環境教育實踐,苗栗縣頭屋鄉（山貓森林）、台中大肚台地、沙鹿區晉江社區、校園生態場域、清水五福圳,"3,025,000",促成逾10位社會人士投入棲地購置（逾20萬元）。SDG15素養後測顯著高於前測（知識100%、態度91%提升）。發行《淺山帖》月刊於74處投放。,核心理念為「議題高度倡議，棲地低度介入」。建構永續議題創新教學平台(GIS)，發行科普月刊《淺山帖》，培育學生自主策展與社群經營（以戰代訓）。,53
龍華科技大學,樂生生樂—樂生公衞教育園區地方特色之發展,新北市新莊區、桃園市龜山區（樂生療養院園區）,"2,750,000",開發VR衛教遊戲、元宇宙平台與機器人導覽系統。拍攝4部主管追憶紀錄片，製作「樂生花草曆」與文創商品（如十三溝面磚杯墊）。舉辦2場大型院民關懷活動。,結合互動科技（VR/AR/元宇宙）與公衛教育，建立「流動教育中心」巡迴展出，透過文創設計與紀錄片翻轉地方創生，落實漢生病院民的溫馨陪伴與關懷。,54
中原大學,流動與鏈結：桃園埤圳文化與國際多元鏈結,國內：桃園市八德區竹霄社區、中壢區新興里、蘆竹區蘆竹里。國外：馬來西亞吉隆坡冷岳河流域。,"8,800,000",具體成果包括開發超過 10 樣在地文創商品、50 場以上在地課程、進行 2500 小時以上田野調查。,以「一埤塘、一學校、一社區」為願景，結合樂齡福祉、食養社造、設計創業策略，推動埤塘學教材與跨國設計思考水與城市議題。,55
嘉南藥理大學,永續安南環境生態與綠色產業,臺南市安南區（區公所、台江國家公園、土城國小、顯宮國小、南興國小、城西里、媽祖宮里、安南水資源回收中心等 14 個場域）。,"2,750,000","113 年辦理 17 場會議、31 場活動，計 2,002 人次參加。輔導企業完成 ESG 報告書，城西里及媽祖宮里取得低碳永續家園銅級認證。",包含「低碳永續幸福樂齡」、「在地產業綠色發展」、「環境議題融入教育」三大分項，推動生態旅遊、企業減碳輔導與數位環境教材。,56
國立臺灣科技大學,城南無限-都市山城與無限大學的永續共築計畫,臺北市文山區（萬年里、明興里）、大安區（大學里、芳和里、學府里）、中正區（富水里、水源里）；新北市中和區（南勢角郊山步道）；尼泊爾皮桑與帕賓。,"7,150,000",學府里、富水里取得韌性社區一星標章。環境防災教育教案獲得教育部數位教案徵選佳作。培訓 63 位防災士。,四大策略為區域防災與韌性提升、歷史文資保存與更新活化、智慧技術與環境防災教育及國際鏈結。建立防災對話機器人系統。,57
馬偕醫護管理專科學校,馬偕護 創生榮：活絡在地好所在，共享樂齡新生活,臺北市北投區（關渡里關懷據點、北投樂齡資源中心、一德里、北投公民會館、新石牌社區）。,"2,750,000",整體達成率達 95% 以上，健康促進系列滿意度 94%。提供 8 名弱勢族群配鏡。培訓 20 名馬偕特派員。,融入居家健康照護與在地文化，開設樂齡健康促進微學程，導入「化妝療法與美膚保健」，建立教師發展社群與創意藝術工坊。,58
亞洲大學,食品安全與健康的守護者,愛蔓延社會企業、萌寵生醫股份有限公司、王品餐飲股份有限公司、艾克索生物科技股份有限公司、萬生生機股份有限公司、中國醫附屬醫院、亞大附醫醫院、團膳公司,"2,750,000","已產出SRS社會影響力報告書。量化指標包含：減少食物浪費30,000公斤以上、使長者獲得營養飲食每日800人次以上、減少碳排放量40萬公斤以上、提供5個以上就業機會。",整合食農教育、食品安全、銀髮健康及寵物食品保健。特色包含協助愛蔓延-惜食廚房創造循環經濟，並開發無線傳能感溫監控半導體晶片應用於食安，連續六年獲國家新創獎。,59
實踐大學,內門文創生活之活化：文化為心、創意為魂、科技為魄,高雄市內門區、杉林區 (如：內門紫竹寺、木柵國小、觀亭國小、內南社區、三平社區),"2,750,000",計畫導入4Ds教學方法與PDCA循環。成效包含接待超過1500人次遊客、荔枝園病蟲害減少80%、宋江陣直播觀看累計2.4萬人、學生參與校外競賽獲鈦金、金、銀、銅獎。,以「價值共創」模式推動內門發展。核心模組包含：元宇宙導入傳統技藝（AR出菜秀、3D遊戲）、智慧無人機融入農業與群飛展演、偏鄉多元課輔（射箭、烘焙、英語）。,60
輔英科技大學,南高雄產業園區永續健康環境營造與環境教育拓展計畫,高雄市大寮區（大發工業區、永芳社區、大寮社區）、林園區（林園工業區、林園高中、林園夢工廠）,"3,025,000",計畫進入下半年度將開始進行SROI計算。目前成效包含：師生取得25張碳足跡主導查證員證書、環境教育課程學員認知平均成長15.5%、過去五年區域空品改善約16%。,針對南高雄工業污染問題，推動環安輔導與環境教育。特色包含開發太陽能空氣品質監測儀(FY-IAQM)、設計簡易直接空氣碳捕集塔、輔導社區獲營造競賽第一名並建立在地認同教材。,61
馬偕醫護管理專科學校,承載幸福，偏鄉傳愛,新北市貢寮區（家扶中心）、臺東縣臺東市（長青養護機構、花東偏鄉部落如太巴塱、南富、砂荖、利嘉）,"2,750,000",完成3個文健站義診義檢約200人次，發現高比例膽結石問題並轉介門諾醫院追蹤。照服員培力課程滿意度4.7分。113年活動網站串聯67場活動。,跨專業整合進入偏鄉。特色包含開設AI養護學程、運用AIoT「健康小站」進行遠距健康監測、辦理義廚活動活化在地食材、協助部落行銷及募集地震災後重建電腦設備。,62
台北海洋科技大學,魅力士社-深耕活化生態社子島,臺北市士林區社子島,"2,255,000","本計畫未提及具體 SROI 貨幣化數值。相關量化成效包含：辦理 26 場生態體驗活動共 1,405 人次參與；Line 社群及 FB 社團 560 人加入；培訓 10 名社子島導覽解說員；USR 相關課程 8 門共 222 人次修讀。",1.永續環境：開設生態環境及休閒活動課程，如水筆仔染布、環境教育講座。2.在地關懷：培育在地生態解說員，發展賞鳥、獨木舟、滑水、自行車等休閒產業。3.永續社區：建置「魅力社子島」網站與社群平台，串連利害關係人並傳遞在地知識與活動訊息。,63
國立嘉義大學,加糖笑瞇瞇─懸絲偶天團與糖文化的永續計畫,嘉義縣六腳鄉工廠村與糖廠週邊,"2,750,000","資料未提供具體 SROI 比率，但包含：臉書觸及 1,634 人次、瀏覽 6,040 次；YT 觀看 1,034 次、搜尋曝光 4,933 次；懸絲偶文創工作坊 9 場 230 人次，學員黏著度近五成。",搭建青銀共學平台，振興高齡人力生命力；梳理糖廠文史並建立數位資料庫；開發懸絲偶劇本與多語影片。特色包含平均年齡從 81 歲降至 44 歲的人才培育成果，及出版「嘉禮尪仔冊」劇目集。,64
國立暨南國際大學,水沙連未來教育行動聯盟,南投縣（埔里鎮國立暨南國際大學附屬高級中學、仁愛鄉發祥國小、埔里鎮受奉宮）,"3,025,000","資料未提供具體 SROI 數值。量化指標包含：修課學生 307 位、教師交流 5 場、服務人次達 2,789 人（福興小學堂）、國際外語社團輔導 1,233 人次。",整合在地 NGOs 與大學資源。執行重點包括偏鄉教育支持系統（三層級學習介入）、STEAM教育（如「防災課桌椅」獲創新技術博覽會銅牌）、國際教育培力（東南亞文化交流）。,65
國立臺灣師範大學,深耕偏鄉教育：深化、廣化、國際化、永續化,花蓮縣（玉東、富北、東里、富里、萬榮、美崙等國中）、臺東縣、澎湖縣、金門縣、連江縣及海外（土耳其、越南、泰北）,"8,250,000","正研習以 SROI 評估社會成本效益。現有成效：中小學診斷施測 10,692 人次、扎根班 292 班、遠距教學服務教師 93 人、受眾人次/課時達 29,624。",建立「PASSION 扎根創新教學模組」，實現高科技診斷與適性分班。推動普特融合（通用設計學習單）、國際教育支持（難民與偏鄉華語教學）。籌備 B 型企業「PASSION 適性學園」以求永續營運。,66
淡江大學,淡北風情e線牽、海陸旅遊全體驗,新北市淡水區（淡水河流域、大淡北地區）,"7,150,000","資料未提供具體 SROI 數值。成效包含：活動參與超過 23,900 人次、開設 35 門課程（1,500 名學生）、歷史餐宴銷售超過 1,700 桌、社群媒體展覽超過 10,000 人次參與。",五大面向：故事盤點、應用開發、體驗推廣、社群媒體及新創事業。核心亮點包括「滬尾宴」獲多項永續楷模獎、跨域繪本創作、開發元宇宙導覽，及育成團隊獲教育部 U-start 50 萬創業金。,67
龍華科技大學,牽手龜山—保育、人文、科技的共榮與昇華,桃園市龜山區、新北市樹林區及連江縣（南竿、北竿）,"3,300,000",資料未提供具體 SROI 數值。成效包含：復育棲地 4 處、資訊營隊 27 場（433 人次）、音樂會預估 400 人、新設大型解說牌累計 14 座、馬祖 2 鄉 3 校 4 社區 7 營隊實踐成果。,以螢火蟲復育為核心價值（SDG15），結合科技監控；透過資訊營隊縮減數位落差（SDG4）；推動社區營造（如塔寮坑音樂會、大型解說牌建置）。特色為 CSR 結合 USR（新日興公司認養棲地）及離島跨海服務。,68
國立清華大學,TNUNAN歌劇音樂會：以文化回應式教學推動泰雅醫療人才培育計畫,新竹縣尖石鄉嘉樂村、尖石國小、嘉興國小、新樂國小、尖石國中、泰雅學堂,"1,430,000",使用美國普林斯頓大學 STEAM Motivation Quotient 量表評估學習動機；音樂劇技能培育預期產出編劇、導演、文創設計師等職業技能；輔導學生參加國際機器人大賽獲冠軍及最佳人氣獎。,結合清大與臺大醫療 STEAM 課程；以在地史實編寫歌劇劇本；泰雅族語保存與專書出版；培育音樂與醫療跨域人才。,69
國立臺灣師範大學,打造高齡者數位包容智慧長健學苑計畫,臺北市大安區 (銀齡樂活據點、心田心理諮商所、揚生慈善基金會等)、新北市汐止區、新店區、宜蘭縣五結鄉、蘇澳鎮,"7,150,000",高齡者功能性體適能顯著改善 (83% 達標)；高齡者數位學習量表施測達良好 (平均 3.23~3.40 分)；學生社會實踐學習成果提升達 86%。,建立跨域長健人才培力學程；導入加速規與身體組成分析儀等智慧檢測；推動 WEB 3.0 客製化數位包容課程 (如影音創作)；舉辦高齡夢想市集串連產學資源。,70
國立臺灣科技大學,行動工程師培育計畫,國內：臺北市大安區 (公館城南)、宜蘭縣南澳鄉 (東岳部落、東澳國小)；國外：印尼、越南、日本、日本奈良、祕魯,"9,900,000",國內：優化生態渠道安全並建置魚菜共生系統，建立電器維修站解決居民需求；國外：於印尼建置太陽能滴灌及生物分解器，於越南改善校園廁所水電。學生國際移動力與解決真實問題能力顯著提升。,推動「在地國際化、國際在地化」；培育具有人文關懷的綠色工程師；跨國、跨校師生團隊 PBL 實作；協助偏鄉改善基礎設施與環境衛生。,71
逢甲大學,農村減碳-綠色諧能鏈結國際永續共好行動,國內：臺中市東勢區 (好樂農莊、振東柑園)、臺南市學甲區；國外：義大利、泰國 (清邁、清萊)、馬來西亞、蒙古、韓國,"8,800,000","協助農場建立 ESG 品牌並申請商標；導入生物炭技術協助盤查與減碳；協助台南青農獲得國科會計畫及創業競賽初選；蒙古植樹 1,100 棵楓樹；專利技術模組化成立衍生企業。",鏈結企業 ESG 與農場減碳雙贏模式；建立國際聯合研究實驗室 (CNR-IIA)；推動「科技農民學校」中英線上課程；跨領域 CDIO 專題式教學開發廢樹枝筆等綠色產品。,72
高雄醫學大學,永續荖濃人才培育與健康發展計畫,高雄市六龜區、桃源地區 (龍興國小、六龜國小、建山國小、興中國小、寶來國小、心路基金會據點),"2,750,000",協助特殊需求者建立正確口腔保健習慣 (心路據點長輩已能自行正確刷牙)；輔導課補學生升學並返鄉服務；兒童發展早期篩檢 (112-2 至 113-1 共 19 場)；培訓 35 位合格輔導員。,「假日學堂」科普與醫學轉譯教育；「良善陪伴」支持在地合唱團奪世界冠軍；職能治療早期篩檢後送機制；結合醫學大學專業開設 STEAM 創新培育課程。,73
國立勤益科技大學,想到鐵工就是台中—鐵工藝術再創新猷,臺中市太平區（陳庭詩紀念館、太和宮、太平古農莊、臺中市屯區藝文中心）、大里區（大里工業區廠商協進會）、南區（文化部文化資產園區）、北區（台中科技大學）、中區（台中驛鐵道文化園區）、霧峰區（光復新村）、豐原區（台中市立葫蘆墩文化中心）,"2,750,000",依據 SROI 指引進行評估。學生議合 181 人（精進團隊合作與校外交流）、計畫團隊 7 人（提升地方服務動機）、外部夥伴 11 人（有效建立地方夥伴關係）。問卷滿意度與認同度均達 4.1 分以上（5 點量表）。,以文化永續為核心，聚焦鐵工藝術。包含開發文創商品、培育鐵工職人、製作歷程檔案、優化社區景觀、舉辦展覽活動及整合行銷鐵工藝術節等六大分項。特色亮點為傳統產業活化案例參訪與青銀共創效果。,74
國立彰化師範大學,生態家園・城鄉永續：彰化生態藝術計畫,彰化縣彰化市（彰化縣教育處、彰化市公所、彰化縣藝術高級中學、彰化市第二樂齡學習中心、香山生態園區、彰化基督教醫院、彰師進德/寶山校區、南郭國小、彰師附工等）,"2,750,000",結合 SROI 評估。問卷量化肯定達 4.5-4.86 分。人才培育面向：修課人次達 421 人，學生因參與園藝療育、生態導覽等課程提升專業能力與環境意識。場域服務人次達 283 位。,以氣候行動與在地關懷為重點。結合生態植栽、環境藝術與園藝治療。特色包括跨院系共授課程、培育年輕樂齡師資進入社區巡迴、以及與王道銀行 ESG 結盟辦理生態藝術展覽。,75
國立臺灣大學,攜手•雲林-特色農業產區 深耕產業鏈結,雲林縣全縣（重點包含莿桐鄉、斗南鎮、元長鄉、口湖鄉、林內鄉、褒忠鄉、斗六市、古坑鄉等）,"7,480,000",農友對技術及病蟲害管理有顯著進步；60-70歲農民對加工技術興趣高，40-50歲農民對管理行銷興趣高。獲2024 TSAA台灣永續行動獎金獎。動醫診斷案件共8836件，植醫診斷超過70件。,深耕農產業鏈結。核心包含植醫診斷、動醫診療、農經管理及生傳食農教育。特色為行動診療車下鄉服務、蒜種/竹筍脫毒計畫、以及推動台大與雲林青農聯名品牌與農夫市集。,76
逢甲大學,臺中市文化城中城地方創生計畫：生活故事書院,臺中市舊城區（涵蓋中區、東區、南區、西區、北區，核心基地為臺中公園地下停車場「舊城綠町故事館」）,"2,750,000",運用 IOOI 模型評估。協助在地弱勢長者擔任走讀講者獲取生活資源；帶動樂成宮周邊店家營收提升 15%。學生透過專題製作對舊城認同感顯著提升。FB觸及率達58.6k。,結合空間資訊技術（3D建模、UAV、StoryMaps）進行數位人文創生。重點特色為透過 CSR 合作創立「舊城綠町故事館」作為基地，並產出大量微雜誌、數位導覽地圖及行銷短影音以保存及傳遞在地故事。,77
佛光大學,建構宜蘭茶產業永續發展的跨領域人才共培機制,宜蘭縣冬山鄉中山休閒農業區、正福茶園、小山茶寮、東北角國家風景區,"2,750,000",透過李克特五點量表評估 243 位學生對課程及活動滿意度，回收率 99%；修課學生 447 人，活動參與 1983 人次；HACCP 證照取得 27 名；柚花香氛研發預估創造 156 萬元商機。,培育跨領域 π 型人才（侍茶師與設計師）；推動茶產業六級化與生態旅遊結合；運用 VR/AR 技術於茶文化導覽；與故宮聯名開發茶食禮盒；「大手牽小手」跨學制共學模式。,78
國立雲林科技大學,從心靈遍路到智能觀光：雲林朝聖廊帶的地方設計,雲林縣北港鎮（朝天宮、義民廟、傳統工藝協會）、西螺鎮（福興宮、廣福宮、延平老街、東南國中、文昌國小）,"3,025,000",開設 17 門課程，參與學生 1039 人（涵蓋研究所至國小生）；辦理 9 場宮廟即博物館活動，參與學生 208 人；人文藝術調查 47 件，設計領域產出 48 件作品；透過管考會議追蹤質量化 KPI 指標。,建立宮廟文化網絡及「遍路」巡禮路線；開發智能觀光互動裝置與 AR 濾鏡（菼社詩詞）；考察日本佐原大祭與四國遍路模式進行文化轉譯；推動在地工藝與民俗資產登錄。,79
耕莘健康管理專科學校,~為愛走動 莘口相連-讓愛傳出去 口腔照護服務交流計畫,新北市新店區（寶興護理之家、廣恩老人養護中心）、烏來區（忠治部落、信賢部落）、宜蘭縣三星鄉（宜蘭勁好園、三星尊親館）,"3,300,000",112-113 年共開設 18 門課程，修課學生 1119 人次；場域服務 83 場，參與長者 1360 人次，平均滿意度 4.87 分；研發口腔保健產品如靈芝蜂膠牙膏；訓練菲律賓機構成員返國推動照護。,建構「食力、體力、腦力」跨專業訓練；研發口腔照護虛擬實境 VR 訓練系統；結合 Kebbi 機器人開發舌苔檢測 APP；跨國產學合作（菲律賓服務交流）；落實特殊需求族群在地關懷。,80
南臺科技大學,青銀共創打造在地智慧自在不老力,臺南市南區鯤鯓社區、臺南市南區金華社區、臺南市中西區溫陵社區,"8,800,000",辦理 SROI 工作坊作為第三方驗證工具。質化成效包括溫陵社區長輩走路穩定度增加 30%、速度增加 19%、下肢肌力增加 12%；提升長輩自信與建立據點社群。,導入運動自主健康樂活；精準健康照護與社會照顧網絡建置；優化居家安聯網及開發智慧生活輔具；培育「在地銀髮業師」及「小小照服員」人才。,81
國立暨南國際大學,Walk Tall：戶外教育學習生態系統創新計畫,南投縣埔里鎮（暨大戶外探索中心、埔里國中小、桃米社區）、魚池鄉（日月潭月牙灣）、鹿谷鄉（秀峰國小）、水里鄉（水里國小）、竹山鎮（大鞍國小）,"3,300,000",學習成效評估顯示 90% 學生增進地方知識認識；水域活動有效提升學童安全意識。計畫提及將參與 SROI 評估工作坊以提升評估能力。,串接戶外教育社群、培育專業證照人力（定向越野、繩索等）、編修戶外教育教案、建置安全學習場域（如鐘靈國小轉型登山教育基地）。,82
國立陽明交通大學,部落之星：智慧偏鄉健康培力計畫,宜蘭縣南澳鄉（南澳村、武塔村等 7 個村落 8 個文健站）,"7,150,000",透過 SROI 社會影響力評估強化專案管理。具體成效包含長者走路穩定度增加 30%、速度增加 19%、下肢肌力增加 12%；培訓 281 位偏鄉醫療師資。,建立具文化敏感度之醫療照護；研發「人文智慧健康照護微學程」；建構泰雅語用藥健康歌與糖尿病足「獵人地圖」知識模組；開發慢性病個案管理系統。,83
美和科技大學,漁網石斑 靚食啖鮮-屏東石斑魚產業鏈加值計畫,屏東縣枋寮鄉（枋寮區漁會第四產銷班、藍皮意象館）,"2,751,000",採用柯氏四階層模式評估反應、學習、行為與結果。成效包括研發常溫石斑魚雨來菇輕食粥，並於國際照顧博覽會推廣，提升在地漁產附加價值。,分散銷售市場至東南亞與日本；建立屏東石斑魚產銷平台；輔導強化養殖生產管理機制（食安檢測）；形塑石斑魚在地文化觀光。,84
長庚科技大學,保骨防跌、樂活膳食、科技失智辨識–永續高齡友善社區計畫,桃園市龜山區（樂善里、文青里、陸光里、大同里、嶺頂里、楓福里）,"3,500,000 (補助 275萬 + 自籌 75萬)",提及未來將參與 SROI 評估工作坊。實質成效包括長者防跌知識由 50% 提升至 100%；透過 AI 科技完成 100 份失智辨識報告並提升長者肌力。,保骨防跌（居家環境評估）；樂活膳食（食農教育、養生循環菜單開發）；科技失智辨識（導入 AI 機器人與 VR 體驗）；提升長照識能。,85
中華大學,馥活茶花智慧創生計畫,新竹市香山區佳信茶花園、新竹縣竹東鎮東鄉茶花園、中華大學校園、新竹縣寶山鄉,"3,025,000",資料未提供具體SROI數值。成效指標包含：累計54門茶花相關課程、2480人修課；五屆中華茶花祭累積1610人次；建置茶花元宇宙虛實平台2式。,推動五大主軸議題（場域空間延伸、文化保存、產品設計、茶花經驗傳承），實踐12項行動策略。特色包含打造茶花元宇宙虛擬實境平台、開發低碳小旅行遊程、人才培育課程（如茶花小導遊、小老師）。,86
國立暨南國際大學,水沙連產業永續發展計畫-產業鏈結x跨域人才x國際合作,南投縣埔里鎮（暨大地方產業創生中心、水沙連地區產業）、泰國清邁大學、越南大叻大學、日本信州大學、高知大學、龍谷大學,"10,450,000",資料未提供具體SROI數值。成效指標包含：2024年共119場活動，4853人次參與。輔導咖啡農獲卓越盃第二名，學生獲全國遊程設計競賽優勝。,聚焦咖啡、觀光及特色產業永續發展。特色為「借鏡日本、前進東南亞」，成立臺泰大學聯盟。實施咖啡技術論壇、南投永續旅遊講堂、開發數位科技應用（如精油辨識系統）。,87
國立高雄師範大學,原民築夢創生機—瑪家鄉原民產業創新加值,屏東縣瑪家鄉（六村八社區）、台東卑南鄉與太麻里鄉,"2,750,000",資料未提供具體SROI數值。成效指標包含：開發4項文創伴手禮（鼻笛、原築棋等）；樂齡運動課程185人次參與；辦理3場遊程體驗（47人次）。,四大核心：原民產業創新設計、行銷經營、樂齡健康運動、人才培育。特色包含將傳統圖騰與自造科技（雷雕）結合開發文創品、建立部落產業銷售平台、辦理運動指導人才研習營。,88
淡江大學,為樂齡而行：跨代原力、青銀共創,新北市淡水區（淡江大學校區、周邊鄰里活動中心、民生社區）、三芝區、石門區,"3,025,000","計畫規劃計算SROI但未列出最終數值。成效指標包含：樂齡運動班4,390人次、樂齡志工122人次、高齡者服務實習54場（服務300人）。",推動「淡江大學高齡健康服務人才培力學分學程」。特色為「青銀共創」與「樂齡指導樂齡」模式，招募樂齡指導員。包含樂齡健康列車、正向發展及代間學習模組。,89
長庚科技大學,多元新視界，攜手嘉移人,嘉義縣民雄鄉（越在嘉文化棧）、新港鄉（扶緣服務協會）、朴子市（嘉義長庚醫院、海區新住民中心）,"3,000,000","資料未提供具體SROI數值。成效指標包含：113年共130場活動，3,569人次參與；提升498人次移民工照護技能；滿意度平均高於4.8分。",三大子計畫：文化精進、健康無限、照護培力。核心特色為「跨文化護理教育」，發揮護理專業優勢，建置醫院多元文化友善空間、製作印尼語衛教影音、辦理移工CPR培訓。,90
亞洲大學,永續高齡失智友善包容社區：數位創新x護智處方x社會共融,固定實踐場域：台中市霧峰區北柳、六股、本鄉、舊正、吉峰、五福社區發展協會；其他性質場域：台中市大里區大大人小小孩多元智慧中心,"7,150,000",本計畫參考 SROI 概念與架構，於 112 年進行「SROI 應用於 USR」沙龍講座，113 年進行「SROI 實作演練工作坊」。後續將請專家協助完成計算以確認社會影響力。目前藝術處方箋參與長輩回饋提升社會共融程度達 4.7-4.75 分。,與5學院、7系所合作，開設「長期照護人工智慧應用跨領域學程」及增設「長期照護學系」。執行護智四大處方（紓壓、認知、地中海餐、運動），並開發生成式 AI 虛擬人教案及失智繪本。,91
南臺科技大學,點亮左鎮相放伴—創意生活加值計畫,固定實踐場域：臺南市左鎮區左中社區、公舘社區、光榮社區。進駐地點：向左走種子驛站（老街老屋）。,"2,750,000",計畫已納入地創活動產值、外來人數、學生作品授權等指標進行社會影響力評估。目前駐點工作站已達 1475 人次到訪，辦理 24 場場域共識會議。,設置在地工作站「向左走種子驛站」，推動議題整合、左鎮創生、循環經濟、創意樂齡、文化傳承、科技應用六大子計畫。特色活動包含草山野燒營、化石粉筆 DIY、左鎮好食刻餐桌及老街視覺掛布。,92
國立聯合大學,聯合IN苗栗加速食農教育→永續環境,固定實踐場域：苗栗市貓裏休閒農業區、西湖鄉湖東休閒農業區、苗栗縣農會、苗栗市建臺高級中學、西湖國民中學。,"2,750,000",透過意見回饋、滿意度調查及食安檢測數據收集評估。目前活動參與人數約 2300 人，滿意度調查平均值達 90.30%。,以食安檢測為基礎，推動食農教育與客家文化。建置農藥殘留檢測資料庫與資訊網路平台。亮點包含碳寶寶咧洗褲（碳封存）、葡萄酒與高粱酒釀造體驗及手搓愛玉等體驗活動。,93
國立高雄科技大學,無碳理想 淨零橋楠,固定實踐場域：高雄市楠梓區（國昌國中、楠梓國小、翠屏國中小等多所學校、清豐里、加昌里、油廠社區）、橋頭區（橋頭國小、興糖國小、安田農業）。,"7,480,000","依據 SROI 進行評估，結果顯示每投入 1 元可創造 1.148 元的社會價值。量化成果包含參與社區實踐活動達 1,617 位。",四大策略包含共好平台、智慧科技、種子人才培育及人文關懷。導入 UAV 進行川廢快篩與農地巡視，研發廢乾粉滅火器製備肥料及魷魚骨萃取幾丁聚醣。推動淨零學程與公民意識工作坊。,94
文藻外語大學,藻到新力亮～文藻USR新住民/新移工關懷培力計畫,固定實踐場域：高雄站前南國商圈社區、勵志新城乙區、岡山國小灣裡分校、永安區維新國小。,"2,750,000",透過問卷與訪談評估。課程「公民參與」面向呈現高度顯著提升。市集活動如「不認識就不愛」單場吸引約 1000 人次參與。與合作夥伴之合作經驗皆為滿意。,聚焦新移民關懷與多元文化。建構「跨域創新前瞻人才培力模式」。特色活動包含「藻到南國好聲音」音樂比賽、東南亞文化系列講座及錄製 Podcast 節目。推動語文專業協助新住民子女。,95
國立臺灣科技大學,共好 Spark : 走在我的身邊，成為我的夥伴,高雄市甲仙區小林國民小學、宜蘭縣南澳鄉東澳國民小學、臺東縣池上鄉池上國民中學、新北市三芝區新北皇冠海岸聯盟(三芝/石門/老梅國小)、花蓮縣秀林鄉銅門國民小學、雲林縣元長鄉歐旻慈善基金會(雲林守望幸福園區),"3,025,000",採用哈佛大學零點計畫(Project Zero)工具箱，以數量、程度、時間為指標。夏校參與學生第三期79人；擴展國際合作夥伴如 University of Oregon 等；與小林合作達14年，顯示長期穩定關係。,聚焦發展場域特色課程，將地方情境融入 SnDEAM 教學架構。組建多元文化與專業背景的學生團隊。核心包含「一日大學生」、CSR同儕夥伴協作、大樹X小林跨校共學及沈浸式夏校營隊。,96
國立虎尾科技大學,農業共學地方創生世代共好—取徑綠心到綠港之價值共創,雲林縣虎尾鎮拾蚯樂永續社會企業、大埤鄉雲林縣農業經理人協會、西螺鎮和心蔬菜、北港鎮祥發蘭園、水林鄉微醺農場、臺南市學甲區幸福良食、雲林縣土庫鎮精緻農業生產合作社,"8,800,000",參考 SROI 社會影響力評估機制。量化成效包括：畢業生投入農業比例 63.37%；通過有機轉型期面積 157 公頃；培育 50 位專業有機稽核員；獲得 2024 永續行動獎金級與遠見雜誌生態共好首獎。,三大目標為「在地農業，人才培育」、「環境永續，淨零農業」及「有機農業，價值創造」。推動有機及產銷履歷驗證稽核培訓、無人機飛手訓練，並打造淨零生態服務系統。,97
實踐大學,囊螢東高【與南島語族相遇】創課微旅：螢光發掘、囊袋維持陪伴計畫內山篇,高雄市內門區內門西拉雅多元族群文化歐洲線、旗山區旗山水圳生態日本線、旗山生活文化園區2樓、內門區與南島語系族群相遇,"3,025,000",上半年達成率133.96%。課程帶來的學習貢獻正向成長0.59分。引導在地物產獲得ITI國際風味認證3張。補助6位優秀學生赴菲律賓參加 LAKBAY 國際青年共學營隊。,以「南島語族相遇」故事為底，發展自然環境馬頭山、文化敘事西拉雅、食農生態圓潭圳特色方案。引進龍后(布袋球)運動作為高齡健康促進與跨世代共學教材，並建置地方學資料庫。,98
臺北醫學大學,都會長照青銀創生永續：建構高齡健康失智友善101生態圈,臺北市信義區三張里、四維里、安康里、惠安里、中行里、泰和里、雙和里、石頭湯社區整合照顧服務中心、失智社區服務據點,"7,150,000",SROI 值為 2.17(每投入1元創造2.17元價值)。量化成效：舉辦 90 場社區活動，長者參與達 3941 人次；步態分析檢測 114 人；成功媒合青銀共居 7 案。,五大子計畫(智慧科技、青銀共造、健康照顧、失智照護、國際夥伴)。導入 AI 步態分析與 VR 失智模擬體驗。特色包含「青銀共餐」、「青銀共居」及開發「銀友繪」跨文化教材與多國語言衛教片。,99
長庚科技大學,在地扎根‧社會共生－教養賦能計畫,桃園市龜山區文欣國小、大埔國小附設幼兒園、大崗國小附設幼兒園、樂善國小、桃園區桃花源青年領袖協會、嶺頂社區、龜山親子館、龍寶貝親子館,"3,025,000",量化指標達標率100%。師生自製教具獲20件專利；學生參加發明競賽獲15件獎項(含綠點子國際賽金、銀牌)。研究顯示小學生對長者態度及自創桌遊有顯著正向成效。,兩大核心：在地兒童優質照護與代間共融教育。師生研發情境繪本與互動教具。執行亮點包含「特殊兒親子藝術喘息」、「青銀共育做公益(縫製束口袋送偏鄉)」、自編戲劇巡演及品德教育扎根活動。,100
國立屏東大學,屏東地方創生式：共學、共作與共生實踐計畫,屏東縣瑪家鄉（桃布里文化創作空間）、枋寮鄉（三魚直賣所、新龍社區、百生文創）、屏東市（屏東數位青創中心、屏東勝利商圈發展協會）,"3,025,000",新增採用社會報酬分析法 (SROI) 進行計畫效益評估，針對微學分課程回收學生問卷進行分析，作為衡量社會、環境及經濟所創造價值之依據。,以共學、共作、共生為三大主軸。校內推動「地方創生士學分學程」與「阿緱創生講堂」，校外協助地方政府撰寫創生計畫、提供文化發展與產業經營諮詢。亮點包含跨校交流及與日本弘前大學合作出版《後地方創生》。,101
國立屏東大學,朱雀先驅：屏東偏鄉三師共學模式,屏東縣佳冬鄉（佳冬國小、玉光國小）、枋寮鄉（東海國小）、恆春鎮（水泉國小）、瑪家鄉（佳義國小）、三地門鄉（地磨兒國小）,"3,025,000",採用 PDCA 成效評估機制。鄉村教育學分學程累計 401 人申請，57 名修畢，其中 29 名成為正式教師。榮獲 2024 年 TSAA 台灣永續行動獎銀獎及《遠見》USR 楷模獎。,以「三師共學」（大學教師、小學教師、師資生）為核心。特色包含發展適用鄉村學校的數位教材（57 套情境式數學）、辦理「迎曦書院夏日樂學」營隊、以及前往馬來西亞與印尼進行境外移地教學。,102
國立臺中科技大學,智慧創新樂齡共融長照屋,臺中市西區（C 據點長照站）,"2,750,000",預期成果達成率 100%。長輩對活動整體滿意度非常滿意皆達 50% 以上。學生志工取得訓練證明，並協助開發膝關節輔助裝置（獲專利 I854929 號）。,導入智慧醫療照護與 AIoT 技術。研發智慧寵物屋、智慧餵食器、魚菜共生系統與跌倒偵測系統。辦理「老幼共學自救營」，推動青銀共融。跨域結合中護健康學院與智慧產業學院資源。,103
國立臺灣大學,臺大•山林•學院,南投縣信義鄉（國立臺灣大學實驗林管理處）、仁愛鄉（國立臺灣大學山地農場）,"3,300,000",培力 166 位木工技術人才及 172 位林下經濟人才。完成 10 種賽德克族民俗植物復育、28 種原生小米品系分析。問卷顯示 90% 以上參與者認為有助於留住青年與增進地方創生。,聚焦民族作物保種、林下經濟技術培訓與木工技藝傳承。亮點包含石虎復育野放（2 隻）、家屋修繕工作坊活化傳統建築、以及開發里山低碳旅遊路線與原民文創商品（馬克杯與杯墊）。,104
臺北醫學大學,以街區經濟為根基之中草藥文化復振與創新,臺北市大同區（大稻埕）,"3,025,000","根據 SROI 評估工具計算，計畫今年度貨幣價值合計約 7,061,500 元，得出 SROI 值為 2.5（即每投入 1 元產生 2.5 元投資報酬）。",結合中藥學程與在地 150 間中藥舖。特色包含開發 VR 抓藥軟體、草藥生活 APP、參與大稻埕國際藝術節演出崑曲《長生殿》，以及完成 16.5 萬餘字黃玉階日記數位化建檔與大稻埕口述歷史研究。,105
中山醫學大學,跨域培力，共創樂活,固定場域：臺中市石岡社區及農會、臺中市南區社區據點,"3,500,000",利用成發及課後問卷設計量化及質性評量回收成果數據，並分析評估進行滾動式調整。透過肌力、握力、行走速度等前後測分析長者健康成效。,以LOHAS六元素為核心理念，建構樂活石岡。重點包含：多元跨域課程提升師生社責能力、高齡吞嚥-營養-肌少培力活動、國際交流連結及跨專業健康老化服務模式之孵育。,106
國立臺北大學,前瞻超高齡的大學3E行動計畫：Establishment、Engagement、and Empowerment,固定場域：新北市三峽區、樹林區、土城區、鶯歌區（北大周邊居民及長者據點）,"7,480,000",學老誌讀者對高齡教育價值滿意度超過95%。學生對高齡議題參與度提升，長者社會參與與健康促進獲得肯定。,以5S3E為核心，推動學老文化與跨世代共學。重點包含：設立高齡與社區研究中心、發行《學老誌》、推動學生自主高齡服務方案，以及育成樂齡團體。,107
嶺東科技大學,智機減碳，從嶺做起：碳盤輔導人才培育,固定場域：台中精密機械科技園區、春安國小、雲林口湖沁窟丫腳文創協會、典銘企業社、泰穎精工、育洲有限公司、泰昇工業,"2,750,000",以SROI衡量步驟進行，辨識利害關係人並透過質化研究、訪談與觀察掌握改變成果。113年輔導10家廠家完成碳盤報告，並有教師與學生取得多項專業認證。,建構碳盤輔導與教育團隊，發展低成本AIoT溫室氣體與用電資訊整合架構，以及STEAM志工團隊推廣「節能減碳、從幼苗做起」國小互動教材。,108
文藻外語大學,「SDGs」看見需要·千手扶學 「第二期計畫主案：USR-hub 看見需要·千手扶學計畫」,固定場域：高雄五權、南安、博愛、龍山、龍肚、吉東、吉洋、嶺口、甲仙國小；臺南賢北國小；屏東新豐、崎峰國小；臺東新園國小等,"2,750,000",運用SROI評估：注音學習陪伴活動SROI值為4.11，藝術陪伴活動SROI值為4.19。顯示計畫具備良好組織效能與社會影響力。,落實教育平權，針對都市與偏鄉弱勢學童開發多元扶學與藝術陪伴。應用AI機器人、AR繪本、虛擬網紅等創新科技設計教材，並進行跨域人才培育。,109
東吳大學,文化永續‧城市創生：士林學之建構,固定場域：臺北市士林區（芝山岩地區、新街、舊街、天母、洲美、社子及三腳渡）,"7,250,000",針對每一次活動設計滿意度調查，並於學期末對學生進行課堂反映問卷。透過士林學研討會、繪本、AR虛擬實境等讓士林學意向具體化。,由下而上建構「士林學」。特色包含：口述歷史訪談、福德洋圳意象牆設置、與地方高中合作開設文史課程、舉辦士林百年特展，推動城市創生。,110
中原大學,永續社區環保公益博物館串聯計劃,桃園市中壢生活圈、環保公益博物館（木匠的家關懷協會）,"2,750,000",本計畫以 SROI 評估影響力，衡量人才培育（含在地產業創新、永續教育發展、在地跨組織協力、成員及學生培育）及在地需求（含社區永續教育）等關鍵指標成效。,從「教學促進」及「社區永續」二層面，建立中壢生活圈的永續教育基地，透過「再用就好」理念推動地方再造，並組織跨域教學團隊與發展在地特色課程。,111
中華科技大學,”原“創教育–原民技藝文化推廣,宜蘭縣羅東高商、南澳鄉金岳部落、寒溪部落,"2,750,000",透過教學意見調查、數位保存教材評估問卷與半結構式訪談評估。輔導之「原紡教具團隊」成功入圍 U-start 原漾計畫第一階段。,建立易用性高且重現性高的原民技藝教學教具，透過田野調查與工作坊產出原民創意與創業團隊，整理完成族語數位保存教材。,112
國立臺灣大學,文化｜健康：文化安全健康促進推動整合計畫,花蓮縣豐濱鄉文化健康站、社區發展協會、部落健康營造中心,"2,750,000",以 USR 推動中心之成效考核為架構，蒐集量性與質性資料。夥伴部落問卷回收率達 90%，工作坊參與者回覆率為 76%，顯著提升文化安全意識。,致力提出具部落主體性的健康促進方案，推動《原住民族健康法》相關議題，辦理文化安全課程與工作坊，並推動學生至部落見實習。,113
長榮大學,綠色社區根與芽行動計畫-從在地到國際,臺南市大武崙社區、二仁溪流域、巴克禮紀念公園；坦尚尼亞 Arusha、史瓦帝尼 Mbabane,"7,700,000",IPSD 學生 SROI 結算為 15.4 倍；巴克禮紀念公園推動環境教育之 SROI 為 2.1 倍。,建立綠色循環社區、營造巴克禮紀念公園、促進國際連結。實踐「台灣經驗・非洲實踐」，推動 Care 計畫、生物炭及 Keyhole garden 等跨國行動。,114
高雄醫學大學,永續不只一夏－那瑪夏及國際原鄉永續發展計畫,高雄市那瑪夏區（那瑪夏國中、民生/民權國小）、越南河內、菲律賓東/南達沃,"9,900,000",採用新跨文化敏感度(學生)與需求評估(居民)量表評估成效。計畫榮獲《遠見》USR 大學社會責任獎人才共學組楷模獎。,深耕那瑪夏原鄉八年夥伴關係。推動醫藝相陪、整全安心就醫網、長照人力增能、公民生態學家特色課程及無國界地方創生人才培育。,115
國立中正大學,共創長者幸福人生：科際整合人權實踐方案,大林慈濟醫院、溪口互助家庭、安平記憶保養班、和美記憶保養班、新動能社會工作師事務所、嘉義市西區樂齡學習中心、嘉義縣樂齡學習示範中心、新港素園長照站、不可無料劇場、奇秘工作室、古坑國際心靈生態村及多處居家醫療點,"3,300,000","校內訂有SROI評估標準；處理長者人權個案超過3千人次，減少訟爭之經濟效益預估超過1,500萬元。",人才培育（長者人權門診跨域學分學程）、在地鏈結（社會處方箋）、社會教育（桌遊、Podcast、紀錄片）。全國首創連續8年執行醫法合作「長者人權門診」。,116
國立中興大學,浪愛無國界：流浪動物減量與福祉實踐,國內：犬山居、月園流浪動物照護協會、臺中動物之家后里園區、浪愛回家救護協會、彰化/雲林/苗栗/金門偏鄉。國外：越南河內救援站、泰國國家農業大學、關島大學、GAIN收容所。,"10,450,000",嘗試擬定SROI系統評估整體成效；完成1335隻犬貓絕育(達成率133.5%)、1959隻疫苗施打(196%)、148隻弱勢動物醫療(123%)。,引入美國收容動物醫學、絕育模組輸出越南與關島、設立動物福祉學分學程。特色為國際合作、偏鄉絕育及浪浪樂活醫療室。,117
國立高雄科技大學,竹夢樂學＋遊活園田,屏東縣竹田鄉：屏東農夫青草園、天使農業科技、竹田鄉公所、原龍農產品運銷合作社、竹田鄉立圖書館、竹田國中小、竹田車站、泰美親子圖書館、客家文化中心。國外：越南芽莊大學、Phuoc Hai 3 Primary School。,"2,750,000",透過7項指標擴散效應評估，113年度34向量化指標達成率平均高達155%。包含觀光形象加值、行銷科技推廣、農業價值再造等。,形塑竹田觀光角色、開發AR遊竹田APP、研發環保香蕉紙果乾包裝(獲多國設計金獎)、推動台越跨境科普教育交流。,118
大仁科技大學,三生三化三十里高樹-智慧低碳農業心vs.科技老幼關懷情,屏東縣高樹鄉：善導書院、新豐休閒園區、新豐社區發展協會、東興社區、新南社區、阿九鳳梨農場、銀獅農莊、高樹國中小、鳳成幼兒園。,"2,750,000",採用IOPOE操作模式及Notion API即時管控成效指標。113年度量化指標達成率多項達100%或超標。社區對產業價值評價高(M=4.53)。,智慧有機循環農業模型廠(黑水虻技術)、研發智慧排熱防護衣、導入營養篩檢聊天機器人、AR食農教育體驗、職農故事行銷。,119
銘傳大學,龜旅價值共創-從文化走讀到土地連結,桃園市龜山區：移民博物館週邊文化館舍區(憲光二村、眷村故事館、曹家洋樓)、楓樹坑楓茶米農村社區、大棟山風景區、嶺頂壽山巖觀音寺。,"3,025,000",設定34向量化指標達成率平均155%。遊客對山山山市集整體滿意度高(M=4.33)，99%支持環保訴求。,辦理山山山環保市集、嶺頂廟實境解謎遊戲開發、農村廚房培力(農鮮合肚餐盒)、文化故事箱進校園、自導式旅遊地圖設計。,120
國立暨南國際大學,綠色水沙連永續價值與人才培育升級計畫：科技x循環x淨零,國內：南投縣埔里鎮（蜈蚣社區、一新社區、最佳主茭農場、傻農老爹農場、宏基生態養蜂場、愛蘭國小、枇杷社區、吟詩綠曲休閒園區、蔬菜產銷班第25及16班、明潭國小、伊達邵國小、魚池國小、一新社區白魚避難池）、國姓鄉（北山國中）、彰化市（白魚避難池）；國外：柬埔寨實居省莫西縣,"10,450,000","資料未提及具體 SROI 數值。成效包含：農業示範區每年減少 32.7 萬度電量與 165.8 噸碳排量；節水場域省水近 9,910 公噸（約 9.9%）；於柬埔寨建置簡易淨水設備嘉惠 1,714 位師生。",以「公民參與」、「科技應用」、「減碳節能」及「循環經濟」為機制。特色包括 LED 燈照茭白筍節電示範、智慧化水技術、生物炭資材再利用，以及永續環境經營管理學分學程之人才培育。,121
國立清華大學,永續發展教育的跨領域韌性整合與社會實踐--以南寮沿海社區與自然谷為里山海實踐場域,新竹市南寮地區（康樂里、舊港里、海濱里、港北里）、香山濕地（港南里、海山社區、大庄國小）、新竹縣芎林鄉自然谷環境信託基地、宜蘭港口社區、雙溪註腳雙溪。,"2,750,000 (不含自籌款)",資料未提及具體 SROI 數值。成效包括：協助大庄國小獲得台美生態學校銅牌；推動舊港島低碳生態旅遊；愛恆樂活園土耕生菜育苗成功；113 年度環教/ESD 活動參與達 2000 人次。,建立「跨領域 ESD 聯結在地」USR 品牌。核心特色為 ESDxESG 推動中心、舊港島音樂祭（地創講座）、蚵學園區（深化香山風土認識）、台美生態學校夥伴計畫，以及與日本早稻田大學之國際移地教學。,122
弘光科技大學,中部沿海邁向低碳、綠能與韌性生態社區共築計畫,臺中市沙鹿區（興安、竹林、公明、晉江、鹿寮、南勢、西勢寮社區）、梧棲區（下寮、大庄、草湳社區、中正國小）、清水區（秀水、高東、橋頭社區）、大肚區（山陽社區）、龍井區（山腳社區）、外埔區（忘憂谷）、彰化縣（和美中學、線西國中、漢寶村）。,"3,025,000","資料未提及具體 SROI 數值。成效包括：建置 285 站即時空品監測網；裝置 28 座風光互補綠能路燈，每年節省約 44,762 度電及減碳 22.3 噸；輔導興安社區獲得衛福部社區金點獎。",建構海線藍天守護網（空污即時 APP）。核心特色為師生研發之專利風光綠能互補路燈；組織產業界專家節能輔導團進行社區用電診斷；將廢棄荒地變身綠能環保公園（如興安綠光尋夢園）。,123
慈濟大學,社區健康領航員-跨族群健康upup計畫,花蓮縣秀林鄉（佳民文化健康站、加灣部落、水源文化健康站、三棧、秀林失智據點）、花蓮市（碧雲莊社區、民生社區、吉寶竿文化健康站、福境宮）、民廉國小。,"3,544,059",學生在「五力」指標（文化、倡銷、社會、健教、設計）平均值顯著增加 (p<0.001)，其中設計力提升最顯著。運動處方輔導顯著改善長者體力與體重；培訓 20 名社區領航員，服務 558 人次。,以「文化力導向健康促進五力」為核心。特色包括開發符合文化情境之衛教桌遊、製作典範人物繪本、推動北歐健走杖與運動處方；協助碧雲莊社區運作「時間銀行」與雲幣系統。,124
慈濟科技大學,有機淨零新農業-光復萬榮產銷班青銀共創計畫,花蓮縣光復鄉（原鄉星果雜糧產銷班）、萬榮鄉（雜糧產銷班第一、二班）、國福社區（撒固兒部落）、富里鄉（銀川永續農場）、重光社區（泥妲咖啡）。,"3,324,700",資料未提及具體 SROI 數值。成效包括：輔導印加果油與銀川白米取得碳足跡認證；展售活動實體營收 21.9 萬元，網路營收破 97.7 萬元；咖啡產品質量提升獲 Coffee Review 85 分以上佳績。,青銀共創與數位轉型。特色為建置「花蓮小農好物網」及「洄瀾系」網頁；推動農產品碳足跡認證與農廢（稻殼）循環利用；開發永續旅遊遊程。榮獲 2024 亞太永續博覽會「綠色設計金獎」。,125
中國科技大學,台北市黎安里社區微旅行-邀約鳥語、花香、人情為伴,台北市信義區黎安里、台北鳥會野鳥救傷中心、文山區志清國小、信義區吳興國小、大安區銘傳國小,"2,750,000",修課學生1444位，參與老師10位，活動參與學生1479人次，合作社群4間，參與社區實踐活動95位。開發在地關懷、環境探索、野鳥救傷及社區創意課程模組。,以「社區微旅行」行銷概念鏈結野鳥與社區，建置微旅行網路地圖。開發野鳥救傷宣導模組及彩繪美化社區空間。推動公民科學家實踐，進行國小生態教育宣導。,126
台南應用科技大學,志在琉鄉-全島啟動˙價值再造,屏東縣琉球鄉、東港鎮、大鵬灣國家風景區、嘉義市、車城鄉,"6,380,000",計畫參與老師52位，參與設計季學生2823人次。推動環保茄芷袋近兩千個。取得5項設計專利，獲2024金點新秀設計獎及第八屆法藍瓷想像計畫執行基金。,四大執行面向：扎根教育(小尖兵課程)、環保減塑(茄芷袋)、生態保育(海龜教材)、旅遊提升。特色亮點包含「小琉球設計季」跨域學習及「iToys」創新創業團隊培育。,127
國立嘉義大學,跨域STEAM 雙語+E 共譜嘉鄉好樂章,嘉義縣中埔鄉、竹崎鄉、東石鄉、義竹鄉、梅山鄉、新港鄉、彰化縣秀水鄉、桃園市鹿港區、新北市、泰國、日本,"1,385,000 (含自籌款)",修課學生37位，場域經營10所學校。平均滿意度9.4分。學生團隊榮獲全國自然科學辯論競賽銅牌、第八屆台北金鵰微電影展「永續微電影獎」銀獎。,採用芬蘭STEAM教育流程，結合AI繪圖(Ideogram)與雙語教學。開發雙語條碼單字卡、無人機操作課程及地科礦物桌遊「掘跡者」。推動EMI微課程及跨國教育論壇。,128
敏實科技大學,青山綠水好茶庄：台三線茶產業智慧種植、環境永續與創新商業應用實踐計畫,新竹縣芎林鄉、寶山鄉、峨眉鄉、苗栗縣銅鑼鄉、頭份鎮、桃園市復興區,"3,000,000",合計61場活動，共1634人參與。輔導6家企業碳盤查，爭取外部經費逾120萬元。70%同仁取得碳盤查種子認證。師生獲2024WCC馬來西亞廚藝大賽特金與四金。,五大子計畫：創生共學平台、精品茶葉科技(AIoT智慧農業)、食農教育(茶巧克力開發)、智慧旅遊、ESG碳中和推展。產學攜手串聯台三線茶產業，協助在地小農數位轉型。,129
華梵大學,乘龍風蘊耀大崙，古道帶動旅創新生命：淡蘭古道為主軸的地方創生實踐,新北市石碇區崩山-玉桂嶺地域(潭邊里、彭山里、豐田里),"2,750,000",辦理51場活動，初訪人次逾800人。景美溪流域展覽吸引1200人。培育120位修課學生，舉行10場教師交流與18場專家講座。訊息獲12家媒體報導。,以淡蘭古道「文山東線」為軸心，設立「旅創學堂」作為創新基地。推動藝術介入地方，舉辦磨石霞光宴、古道送燈節。提出騰龍步道系統與石碇品牌茶會等創生願景。,130
國立臺灣師範大學,臺灣心連新-運用前瞻科技提昇新住民及其子女華語文能力及雙語師資培育計畫,臺北市文山區萬福國小、臺北市文山區明道國小、桃園市桃園區建德國小，以及全台共 215 間合作國中小。,"2,750,000","本計畫質性與量化指標均已達成，成效評估以質性與量化資料並重。量化指標包含新住民一代華語輔導 10,000 人次、二代 20,000 人次、雙語師資培育 1,000 人次等。80% 之新住民學生可於一學期內提升 TOCFL 華語能力測驗一個等級。",核心特色包含族群創生（培育新住民為專業雙語教師）、運用前瞻科技工具（COOL Chinese 華語尖端科技平台）、建立跨國數位華語教學平台，以及開發「跨語言與文化生字生詞圖卡」。榮獲 2024 年台灣永續行動獎金獎。,131
國立臺灣海洋大學,雲林四口，里海漁鄉-低碳×創生×永續×關懷計畫,雲林縣四湖鄉、口湖鄉，以及國立臺灣海洋大學校園。,"3,162,500","採用 OKR (目標與關鍵成果) 評估。成效包含：成立北港農工水產養殖社團、規劃 3 處「牡蠣殼文蛤殼暫置場」、辦理 145 場場域活動、累計參與 3,471 人次、完成 3 次在地生產者養殖轉型輔導。",推動里海漁鄉六級產業化。核心模組包含：低碳智慧養殖與人才培育、沿近海責任制漁業與廢棄物再利用、食魚文化與觀光產業永續發展。特色亮點為建立「海洋永續資源教室」及設置海廢藝術牆。,132
崑山科技大學,永保安康Going Green-從在地邁向國際綠色關懷,臺南永康工業區及鄰近區域、臺東、雲林、嘉義夥伴學校，以及越南、泰國、印尼國際場域。,"8,260,000","量化指標包含：提升廢水處理效能 (COD/SS 去除率 10~30%)、協助節電累計 602 萬度（減少 CO2 排放約 1,962 公噸）、降低空污懸浮微粒濃度 17%、培育跨域人才 1,340 位。",以「廢水減污再生」、「節電淨零減排」、「智慧空污防制」為三大主軸。特色亮點為研發 3D 掃描式光達系統及智慧型污染監控系統，並在越南、印尼、泰國推動技術移轉與人才培育。,133
東海大學,大肚山地方教育創生2.0,臺中市龍井區（四箴國中、龍峰國小、磐頂教會）、大肚區（瑞峰國小、樹和教育基金會、天恩社區關懷協會）。,"3,400,000","開設 11 門課程培育 220 位學生。成效指標包含：螺旋課程實施 13 班、移轉 3 個螺旋式課程至國小校訂課程、辦理 8 場青年培力學堂、嘉年華吸引超過 3,000 人參與。",核心特色包含建立「以在地為基的螺旋式課程」移轉機制、大肚山地方知識平台紀錄、青年培力學堂發掘留返鄉青年，以及舉辦大肚山社區嘉年華打造地方品牌。,134
正修科技大學,蕉傲•大旗山典範創新合作生產實踐計畫,高雄市旗山區（旗美高中、旗山社福中心、弍玖農社）、杉林區（杉林親子館）、甲仙區（小奇芋冰老店）。,"3,025,000","開設 48 門課程人次達 2,161。成效包含：培訓 56 名琵鷺青年工作隊學員、輔導 33 位在地青年、營造 5 處村落教室、協助小農營收增長，並連續兩年榮獲亞太暨台灣永續行動獎銀獎。",三大執行策略：無藩籬。村落教室（弱勢照顧）、人才扎根。旗山學（地方知識轉譯）、永續。弍玖農社（農產展銷平台）。特色為建置「弍玖農社」USR 基地及研發木質音箱輔具。,135
國立屏東科技大學,里山根經濟-林下經濟、生態旅遊的軸帶深耕與農林地碳匯人才培育,屏東縣霧台鄉（阿禮、神山、佳暮部落）、高雄市六龜區（十八羅漢山）、屏東縣牡丹鄉（高士、東源、旭海部落）、苗栗縣明德社區、嘉義縣公興社區,"8,250,000","土壤碳匯量測（家庭農園最高達每公頃70.5噸）；媒體露出105篇；培育60名農林地碳匯量測人才；創造牡丹山林雞產值約1,588萬。計畫提及未來第四期將配合SROI進行社會價值評估。",以里山倡議為核心，整合林下經濟、混農林業與生態旅遊。特色包含深化林下養蜂技術、建立混農林業碳匯方法學、催生臺灣生態旅遊與地方創生聯盟 (TERRA)、推動家庭農園保種與市集。,"136, 137"
國立臺北護理健康大學,鏈結資源永續健康-「北護護你健康、青銀共好深耕計畫」,臺北市北投區（湖山里、清江里、振華里）、萬華區（新忠里、新南里）、新北市鶯歌區、雲林縣莿桐鄉,"7,150,000","參與社區實踐活動750位；開設22門課程觸及1,113位學生；路跑社成員生理指標提升（肌力提升3.5公斤、心肺耐力提升4.3分）。計畫提及第四期將配合SROI方式進行社會價值評估。",五大深耕主軸：高齡價值、長照職能、高齡專業、健康產業、校園永續教育。特色包含青銀共跑訓練、社交處方箋導入、長照社會企業師徒制、智慧賦能科技應用。,137
國立高雄師範大學,小民再造 市集再生,高雄市左營區瑞豐夜市、前鎮區前鎮夜市,"4,000,000",夜市客流量增加約20%；攤商營業額提升20%以上；開發中英越三語菜單；建立智能化管理系統（行動支付、外送平台導入）。,推動傳統夜市轉型觀光夜市。特色包含設置打卡熱點、表演舞台與共食區；設計「洄游」品牌形象招牌；導入智慧點餐與多語言服務方案；強化夜間經濟收益。,138
國立臺灣海洋大學,智慧樂活水產村,宜蘭縣頭城鎮、壯圍鄉、五結鄉、礁溪鄉、蘇澳鎮之養殖漁業生產區與沿海社區；羅東鎮國立羅東高級商業職業學校。,"7,800,000",透過問卷調查法執行成效評估，回收 76 份有效問卷。各項計畫在校務治理、人才培育及在地需求三大構面中，均獲得近七成以上的滿意度。提升產值約 1.3 倍，觀光漁場遊客數增加超過 4 倍。,以「新世代智慧養殖技術推廣與人才培育」、「水產品加值與創新行銷」及「樂活里海漁村永續經營模式之建立」為核心。導入益生菌與智慧監控技術、開發食魚教育教材、建立海廢戰塑團隊及漁村文化體驗行程。,139
國立屏東科技大學,國境南灣飛夢園,高雄市岡山區（空軍軍史館、航空教育館、醒村文化保留區）、高雄市內門區（實踐大學無人機考照場）、屏東縣內埔鄉（屏科大永續研發中心、原野農場）,"2,750,000 (核定總經費：補助款 2,500,000 + 配合款 250,000)",社會投資報酬率 SROI 至少為 2.09,創設「阿公店溪學院」虛擬平台推廣科普；開設航空科學與綠能永續微學程；推動無人機證照培訓（獲照93張）；結合眷村文化保留與地方創生。,140
國立臺南大學,幸福集氣，讓愛延續,臺南市東區（PTWA特教樂塾）、臺南市北區（大光國小）、南投縣南投市（南投國小）、澎湖縣馬公市（馬公國小）、花蓮縣玉里鎮（玉里國小）、高雄市苓雅區（高雄特殊教育學校）,"2,750,000 (核定總經費：補助款 2,500,000 + 配合款 250,000)",未提供量化 SROI 數值。質化成效包含建立 ARCS 與 PDCA 成效評估機制，服務人次逾 3000 人，影片瀏覽 31 萬人。,以自造者（Maker）精神研發低成本自製輔具；推動「授人以漁」模式培訓特教老師與家長；建立 Virtual Link 虛擬鏈結提供線上教材；跨域合作開發音樂輔具與 AI 代言系統。,141
國立臺灣海洋大學,打造國際旅遊島-智慧共享經濟與永續實踐,基隆市中正區（和平島）,"7,150,000 (核定總經費：補助款 6,500,000 + 配合款 650,000)",未提供量化 SROI 數值。質化成效包含建立永續發展成效評估系統，並進行校務治理、人才培育、地方需求及國際連結四層面評估。,成立市海再生平台對接政府資源；推廣海洋休閒運動與淨海行動；開發海藻特色商品與供應鏈；建置 XR 虛擬展廳與 AR 觀光導覽；辦理台日森川海地方創生交流。,142
健行科技大學,陽光樂活、綠能永續扎根計畫,桃園市復興區：羅浮高級中等學校及羅浮國民小學,"2,750,000",資料未提供具體 SROI 數值。成效指標包含：乙級技術士及格 15 人（通過率 71.4%）、建置 5.4kWp 防災型太陽光電系統、產業聯盟會議參與廠商 30 家、科普活動參與師生 96 人次、研習營參與 176 人次。,推動太陽光電科技教育普及與技術提升。核心特色包含：開設綠能教育課程、辦理技術士乙級證照訓練、建立偏鄉示範性防災太陽光電系統、成立區域產業推動聯盟，以及推廣綠能科普教育深入社區。,143
國立勤益科技大學,中臺灣菇類產業創生與永續經營提升計畫,臺中市新社區（農會、鎮隆農場、玉山香菇行、大發農場、森沐農場、慶西里、協成里、崑山里、永源里菇寮）、南投縣南投市（禾生菇菌場）,"7,480,000",透過 SROI 評估社會影響力。關鍵績效包含：增加產業價值 360 萬元、培育人才 1501 人、完成 23 次產業輔導、剪柄機效能提升 1.5 倍、曝光率達 4.9 萬點閱率、農遊體驗 340 人次、學生學習品質認同度 4.5 分以上。,解決菇類產業因氣候變遷與勞動力下降之困境。核心特色包含：開發三代自動剪柄機並實質落地、架設感測器縮短走菌時間、推動廢棄太空包生質能發電、開發銀髮族菇類增肌食譜與特色教材、建構品牌數位行銷平台。,144
國立屏東科技大學,沿山 185 熱帶有機廊道-農業數位轉型及生態系建構之 USR 實踐計畫,屏東縣萬巒鄉（乾坤有機生態農場、可茵山可可莊園）、六堆雅歌園有機教育農場、海倫自然農莊,"3,025,000",規劃自執行第 3 年（114 年）進行 SROI 利害關係人成果描繪。目前量化成效：修課學生 476 人次、完成 11 組參賽獲獎、FB/IG 粉絲專頁觸及 8.8 萬人次、輔導 5 家農場行銷、完成 40 項自訂績效指標且達成率 100%。,建立智慧熱帶有機農業生態系。特色包含：有機農業生產優化（東方果實蠅天敵調查）、智慧農業技術導入（開發 AIoT 果實蠅計數與監測系統）、商品化行銷型塑（品牌包裝設計、辦理 U-Life 市集與農夫市集）。,145
國立成功大學,長短樹下的微風-環境療癒場域之建構,臺南市後壁區：頂長社區、新東社區、長短樹里、新東里；日本奈良縣明日香村,"3,025,000",資料未提供具體 SROI 數值。成效指標包含：開設 12 門課程、修課學生 381 人次、完成 18 件環境改造提案（如東苳之丘、田園之境）、建立跨校協作平台與國際 MOU（日本畿央大學、德國 TU Darmstadt）、舉辦 4 場密集實作工作坊。,以「地、產、人」為主軸打造藝術生態社區。核心特色：串聯療癒環境（活化閒置空間、木構築實作）、推廣特色產業（黑豆產業品牌化、行銷文青療癒生態村）、建構社區網絡（推動世代共融、舉辦青銀共遊音樂會、國際工作營）。,146
華梵大學,石碇之音-百年石頭屋藝術造鎮參與規劃工作站、工藝駐村與行旅藝文體驗計畫,新北市石碇區石碇東西街（百年石頭屋-漫縵山房）,"2,750,000",資料未提供具體 SROI 數值。成效指標包含：修繕完成百年石頭屋並正式開放、舉辦 25 場藝文沙龍與講座活動、培訓斲琴愛好者 40 人、產出 10 張古琴、培訓 8 位古琴彈奏青年師資、開設 7 門相關課程。,利用石碇特殊山城景觀進行藝術造鎮。核心特色：修復百年石頭屋作為藝文交流平台、推動工藝駐村（斲琴與古琴彈奏）、結合新六藝（琴、茶等）與在地茶產業、透過空間活化凝聚居民都更共識、開發創意小遊戲並與政府「微笑山線」連結。,147
逢甲大學,中寮行動-倡議偏鄉群落生境的社會影響力,南投縣中寮鄉：有限責任南投縣蔬果生產合作社、廣福國民小學,"2,750,000",採用 SRS (社會影響力報告書) 之 IOOI 方法評估。成果包含：導入 3 門課程影響 50 名學生、辦理 3 場主題營隊、超過 500 人次偏鄉學生參與、輔導廣福國小教師考取攀樹證照並建置基地、完成「跟著石虎去旅行」永續小旅行動線、協助推廣石虎友善品牌銷售額提升。,建構中寮 Biotope (群落生境) 教育基地。核心特色：生產面協力合作社負責任生產（石虎友善耕作）、生活面引入攀樹與音樂藝術教育（高風險家庭關懷）、生態面建立永續小旅行、行銷面透過學生創意（果乾直男）與數位平台媒合資源。,148
修平科技大學,文蛤智慧養殖與科學管理永續發展計畫,固定實踐場域：雲林縣口湖鄉（口湖養殖示範場 I & III）、彰化縣伸港鄉（伸港養殖示範場 II）、嘉義縣東石鄉（東石養殖示範場 IV）；2024年新增：彰化縣芳苑鄉漢寶村（示範場 V & VI）,"3,052,500 元 (補助款 2,750,000 + 學校配合款 302,500)",獲得 2024 台灣永續行動獎金獎及第八屆台北金鵰微電影展銀獎；113年開設12門課程，參與老師12位，修課學生累計310位，計畫相關活動參與學生累計423位，場域夥伴55位。,以文蛤養殖產業科技導入、人才培育與AI智慧系統建置為三大主軸。特色包含微氣泡增氧系統、藻水檢測系統開發，以及協助水產品產銷履歷登打與溯源申請人才培育。,149
國立臺灣師範大學,全球在地取向的金門地方創生與青創培力計畫,固定實踐場域：金門縣金城鎮水頭聚落。延伸場域包括古寧頭、瓊林、蔡厝、烈嶼西方聚落以及金門歷史民俗博物館。,"2,750,000 元 (補助款 2,500,000 + 學校配合款 250,000)","辦理10場線上學堂參與人數達2,960人次；實習學生協助436件文物建檔；行動博物館特展觀展已逾500人次；輔導2間地方業者（夏雨聲咖啡、古寧歇心苑）。",核心為風土經濟與地方創生、文化治理、僑鄉網絡再連結。特色包含推動「旅行的金門學」、海外文物返鄉計畫（星洲許允之、薛永麥作品）及跨國線上學堂。,150
文藻外語大學,OUR TOWN 社區永續跨域共創平台計畫,高雄市左營區（舊城與蓮池潭周邊觀光地區）。合作對象包含舊城文化協會、左營高中、大義國中及舊城商圈商家。,"2,750,000 元 (補助款 2,500,000 + 學校配合款 250,000)","113年度共640人次學生參與，產出51件優異作品；5個共創社群舉辦46場研習，參與人數達1,098人次；產學合作累計金額達2,143,975元。",建立外語跨域新媒體微學分學程，成立社區故事、文化體驗、文史創新、商圈行銷及外語導覽五大共創社群。特色為利用AI技術製作影像並以雙語行銷在地文化。,151
致理科技大學,青銀微社群就醫陪伴社區共好計畫,固定場域：致理科技大學旗艦銀髮社區關懷據點。其他場域：新北市板橋區幸福里、香社里等13處服務推廣據點。,"2,800,000 元 (補助款 2,500,000 + 學校配合款 300,000)",累積銀髮就醫陪伴756案，獨居老人就醫陪伴188案，受陪伴長者滿意度達4.98分。失能延緩運動服務達346人次；學生獲「致青春創未來」等4項全國大賽獎項。,以旗艦關懷據點、就醫陪伴、動健康樂活、青銀微社群為四大模組。特色為落實「青銀共融」、優化獨居長者醫病陪伴流程，並與新北聯醫、亞東醫院緊密合作。,152
元智大學,艾妲資訊培力,固定場域：華勛國小、自立國小、大成國小、大埔國小、大湖國小、南門國小、高原國小、大潭國小、草漯國小、東明國小、大園國中、平鎮國中、八德社區大學、中壢社區大學；其他場域：永豐高中、台灣建青高齡福祉協會社區據點。,"2,750,000","資料來源中未標註具體 SROI 比率，但量化成效包括：培訓大學生 31 位、營隊學童 561 人次、中小學教師 576 人次、社區大學參與 786 人次；總觀看 21 部手機教學影片人次達 20,910 次。",包含四大子計畫：艾妲少年資訊提升（IT團隊舉辦營隊）、艾妲教師資訊育成（科技增能課程）、艾妲世代資訊共學（社區數位課程）、艾妲資訊跨域連結（協助學校教務數位化與網站資安）。特色為縮減數位落差、培育女力營隊及與雲端企業合作。,153
國立臺北科技大學,木創文化攪動深根計畫(Ⅱ),固定場域：國立臺北科技大學（臺北市大安區）、豐園北科大木創中心（臺中市豐原區）；其他場域：豐原及神岡木工產業鏈、5所合作國小、日本有限會社丸生木工所。,"3,025,000",資料來源中未提供 SROI 比率，但量化成效包含：產出 6 款木創產品與教案、技轉 3 案、批量生產 1800 件入市、成果展/展覽參與 3003 人次、國小全人木育課程參與 724 人。,以「木創深根，豐木薪生」為品牌，實施一年樹穀（多型態造床育苗）、十年樹木（跨界串聯與開發市場）、百年樹人（文化攪動人才培育）三大主軸。特色包含組子細工技法傳承、全人木育材料包優化及 USR X CSR X SE 協作系統。,154
朝陽科技大學,北溝復麗—文化、生態共融村,固定場域：台中市霧峰區桐林里（社區發展協會、桐林國小、青桐林種苗園、吉峰社區中心）；其他場域：吉峰里(花東新村)、桐林(蜜克羅莊園)。,"2,750,000",資料來源中未標註 SROI 比率，但成效包含：建置高齡健康管理資料庫 140 位、舉辦 192 場活動、修課學生 1857 人、長者健康促進參與約 1000 人次、生態旅遊導覽 827 人次。,以台中霧峰北溝地區為核心，執行五大面向：創齡樂活世代共融、食農廚技桐星協力、守護咕咕生態趣遊、文史保存風雲再現、科技補助播客培力。特色包含北溝故宮遺址活化、跨代廚藝競賽、Podcast 頻道「阿罩霧會客室」。,155
中國醫藥大學,中藥養生-西藥精準:食品藥物安全鏈結之社會實踐,臺中市(西屯區、北屯區、中區、北區、南屯區、東勢山城)、雲林縣(北港鎮)、彰化縣(大城鄉台西社區)、彰化縣修德國小、小琉球、金門、線上食藥安資訊網 (foodrxcmu.net),"2,750,000","本年度 SROI 計算值為 1:3.51。對「學生」影響力占總價值約 7 成。食藥安全社會實踐人才培訓與師生合作累積影響 767 人次，顯著提升學生衛教教案設計及影片製作能力 (占總價值 62%)。線上食藥安資訊網點閱人數 42,317 次 (占總價值 12%)。",以食品安全/營養、用藥安全與精準、中醫藥保健養生為核心。推動食藥安全人才培訓、健康促進與中醫藥養生賦能、在地關懷與精準用藥。特色包含全國唯一師生建置的「食藥安資訊網」、跨領域教師社群合作，及應用永續發展目標鏈結國際藥學學習網絡營。,156
國立成功大學,惡地協作2.0：H.E.A.R.T.串起共學、共做、共感的淺山心生活,臺南市 (左鎮區、龍崎區、關廟區、新化區)、高雄市 (內門區、田寮區、旗山區),"7,480,000",質量化評估達標：「共學」擴大校內教師 15 人、校外 52 人及 44 個單位；「共做」發展 4 個跨域課程實作方案與 4 個跨社區協作方案；「共感」參與評估夥伴擴大至 9 人，數位平台瀏覽次數提升 50%。竹產業紀錄片獲永續微電影銀獎。,以「新體驗、新產業、新資訊」三大社群協作，推動西南惡地淺山區域永續發展。包含文史勘考、生態韌性、創新竹構應用。特色成果包含「移動圖書館」知識素養循環、 gather town 左鎮元宇宙、及惡地莿竹林 Podcast (15 集，點閱 1409 次)。,157
國立暨南國際大學,暨大「相遇東南亞」的啟示：共耘RAMTAU香料共和園,南投縣 (信義鄉雙龍部落/東埔部落/久美部落、清境社區、仁愛鄉三大農場、魚池鄉大雁村、南投市南崗夜市、水里夜市、埔里假日城夜市、草屯夜市)、臺中市東協廣場,"2,750,000","本期活動參與人次達 1,779 人次；正式與潛在課程修課學生 2,415 人次。完成以受壓迫者為中心的場域利害關係人圖 5 份。辦理保羅議題解剖圓桌 21 場、異｜裔深夜廚房 10 場。教育向下紮根共計 231 位教師參與。",建基南方知識論之批判思考教育，回應受壓迫群體之「尊嚴與正義」。特色包含「保羅電影院」、「保羅議題解剖台」等潛在課程。特色活動「異｜裔深夜廚房」以料理為媒介推動多元文化理解。與台中一中及暨大附中簽署 MOU 推動 108 課綱意識翻轉。,158
實踐大學,點亮城市裡的偏鄉─光點三創實踐計畫,新北市石碇區 (十八重溪 50 號螢火蟲光點聚落、螢火蟲書屋、三才靈芝農場、和平國小、石碇老街),"2,750,000",學生創意問題解決能力顯著提升。社創成果：研發「食碇黑金歲月饗宴」套餐。農創成果：建置菇事館展牆、設計「It's a 菇 day」食農教育教案 (後測正確率 95% 以上)。旅創成果：民宿客房改造及數位語音導覽 (滿意度達 83%)。,以農創/旅創/社創為服務主軸。轉譯文山煤礦與百年淡蘭文化。特色包含開發創新靈芝餐飲與保健品 (靈芝益生菌)、民宿溫馨化改造、向下紮根陪伴山區學童，以及石碇意象文宣品行銷。跨校跨域整合餐飲、家兒、食保與北醫生化系。,159
德明財經科技大學,德明甘丹內科園區永續時尚實踐計畫,臺北市內湖科學園區、德明甘丹永續布料實體平台、紡拓會設計打樣中心、新北市、桃園市,"3,025,000","減少約 500,000 公斤 CO2e 排放 (約 100 萬度電力)。提供超過 20,000 碼布料予高中職、大學及公益團體，服務超過 350 次。獲「環境管理領袖獎」及亞太永續博覽會最佳攤位設計佳作。產學合作經費挹注達 116 萬元 (製衣公會與摩根大通)。",解決紡織企業庫存布料痛點，建置「永續布料實體平台」。提供免費布料給教育單位、公益團體及新銳設計師。特色包含與英國 Burberry 簽訂捐贈續約、成立台灣首個「台灣綠色紡織品聚落 (TG2)」、推行單一材質服飾回收再利用。推動 12 場永續時尚活動影響超過 1500 人次。,160
大仁科技大學,小琉球幸福島 環境 x 健康 x 文化,屏東縣琉球鄉全區域,"2,750,000",資料未提及 SROI 社會投資報酬率之具體量化比值，但已建立包含人才培育、在地需求與場域永續之系統化評估機制。,融合海洋保育教育、高齡者健康衛教及迎王廟宇文化傳承。核心特色包含潮間帶生態調查、開發海洋生物教具、長者懷舊治療與用藥指導，以及透過大手牽小手與白沙國小進行文化共學。,161
長庚大學,『職能、共融、永續』-身心障礙者工作培力實踐計畫,桃園市桃園區（秧風工作坊、康新康復之家）、新北市林口區（自閉症權益促進會、林口長庚紀念醫院）,"3,050,000",資料未提及 SROI 具體比值，但成效包含身心障礙學員工作訓練滿意度高於 70%，並透過分析參加訓練前後之獎勵金變化評估產值成效。,結合醫、工、管三院能量，推動身心障礙者工作培力。特色包含建立類職場工作環境（庇護攤車）、電商平台商模建置、活動引導機器人開發，以及開設通識課程引導學生與障礙者互動。,162
國立屏東科技大學,點亮馬卡道健康農產業振興與優化,屏東縣內埔鄉老埤社區發展協會及老埤馬卡道文化協會、泰安國小、榮華國小,"2,750,000",資料中未提及 SROI 具體比率，但提及透過問卷得知聘任獎助生在人格素養與關懷他人思維提升上有極顯著效益；社區、泰安及榮華國小師生問卷滿意度均為滿意或非常滿意。,以農地利用為核心，推動馬卡道銀髮樂活農場、跨域博雅人才培育、商品開發（雞油辣椒醬、紅藜信封捲等）。開設九門 USR 實踐學分學程，並將雞舍建置技術複製至榮華國小實施食農教育。,163
國立虎尾科技大學,「花」現虎尾，永續共融,雲林縣虎尾鎮公所、虎尾鎮農會；南投縣集集鎮特有生物研究保育中心,"2,750,000",資料中未提及具體 SROI 貨幣化比率，但提到 22 位師生取得國際證照（ISO14001等），培養 14 位智慧環控人才，且社區與學生問卷對碳議題理解度明顯提升。,聚焦 SDG12、13、15。輔導花卉業者進行碳盤查（武村農場、京品園藝），研發「永續擇學家」桌遊推廣綠色教育，並在高鐵校區打造生態復育區發現紫斑蝶蹤跡。,164
臺北醫學大學,永續綠能飲食救地球,新竹縣尖石鄉（三一自然生態農園等）、臺北市信義國小、南港國小、信義區石頭湯,"2,750,000","SROI 比率約 1.61。截至 2024 年底投入 250 萬元，創造約 402 萬 3,877 元之社會價值。每投入 1 元創造 1.61 元社會價值。",分為三子計畫：1.部落農產品加工與食安篩檢；2.國小永續飲食教育向下扎根；3.高齡者質地調整飲食設計與國際交流。開發低碳創意料理並技轉給部落餐廳。,165
長榮大學,相約檨仔腳-走向整全的社區經濟與照顧之路 2.0,高雄市六龜區（高雄市六龜關懷協會、檨仔腳文化共享空間、池田屋）,"2,750,000","SROI 比率為 4.45。在 2023.1.1~2024.8.31 期間，投入約 107 萬元，產生 475 萬 6,440 元社會價值，意即每投入 1 元產生 4.45 元社會價值。",延續六龜災後重建陪伴，推動「六龜好集市」與青農品牌優化。研發六龜主題桌遊（再建六龜等）並遠赴德國參展。以池田屋為公民會館建構六龜地方學。,"166, 167"
台北海洋科技大學,銀造在地健康關懷青銀樂活俱樂部-共創共學、友善高齡、健康福祉實踐推動計畫,臺北市大同區市立聯合醫院、新北市淡水區台北海洋科技大學、臺北市士林區台北海洋科技大學、淡水區沙崙里、新興里、崁頂里、大庄里、正德里社區據點、台北奇岩長青綜合式長照機構、聖文生之友會、士林靈糧堂、富麗河社區,"2,750,000",利害關係人總體滿意度88.4%；據點服務長者達1920人次；課程培訓共計2194人次；培育衛福部指導員15名、協助員60名及志工80名；數位科技健康評估服務165人次。,設置「戒莫青交-青銀樂活俱樂部教學示範點」，推動四大課程模組（戒莫共活、共樂、共餐、共情）；培訓師生取得衛福部延緩失能指導員證照；結合體適能福祉科技進行數位健康檢測；促進跨世代青銀共學共融，並與80家產業簽訂策略聯盟。,168
慈濟大學,里山團結碳經濟-永續消費與生產的共學實踐,花蓮縣秀林鄉（原新農業生產合作社、部落交流協會、景美村辦公室）、花蓮市（食在永續消費合作社、花蓮縣政府）、花蓮縣光復鄉公所、花蓮縣壽豐鄉（米田共好永續農業生產合作社）、臺北市中正區（綠色消費者基金會）、臺北市中山區（天地和氣有限公司）,"7,150,000",成功協助兩個小農團隊復耕；建置防災型緊急倉儲機制；推動PGS共保系統認證；對應SDG12、SDG8及SDG2指標。,以團結經濟、里山加值、PGS與農業碳權為核心。推動兩校合作社整合與慈善農業；建構佳民部落淨零碳排食農教育；示範土壤種碳與碳權認證（AMS-III.AU）；開設永續管理微學程。,169
中華醫事科技大學,臺南溪北淺山銀髮健康基地深耕永續計畫,臺南市白河區（將軍山農場、草店社區）、東山區（聖賢社區）、玉井區（蜜旺果鋪）、楠西區（密枝社區、梅嶺）、南化區（小歇冰舖、東和社區）、六甲區（林鳳社區）、龍崎區（龍崎永續發展協會）、山上區（玉峯社區）,"核定總金額 8,800,000 (含補助款 8,000,000 與配合款 800,000)",以訪談、問卷與 OKR 為成效評估機制；2024年《遠見》USR在地共融組首獎、TSAA台灣永續行動獎金獎、APSAA亞太永續行動獎銀獎；實踐人數達 3500人次以上。,以預防篩檢與體適能建立長者健康管控；開發質地飲食菜餚；培育社區人才取得體適能、餐飲與園藝認證；深化跨國產學合作赴日見學；推動淺山登上國際舞台（如note日本旅遊網站與國際雜誌）。,170
南開科技大學,建置在地優質老化永續長照服務網—打造南投不老城鎮,南投縣草屯鎮（私立尚讚居家長照機構）、南投市（私立勵昱居家長照機構）、名間鄉（私立上安心居家長照機構）,"核定總金額 6,600,000 (含補助款 6,000,000 與配合款 600,000)",採 OKR 目標關鍵成果評估；第四期計畫將以 SROI 分析；輔導尚讚照顧服務勞動合作社榮獲全國評鑑優等；長照系畢業生 80% 投入長照領域就業。,培育長照人才、實現在地優質老化、協同銀髮產業發展。推廣自立支援照顧模式（如紅繩教練、音樂體適能）；建立南投照顧產業聯盟；銀髮族輔具推廣與維修人才培訓。,171
國立政治大學,雜貨店2.0老店新開：順路經濟與社會資源整合平台計畫,新北市烏來區（大桶山泰雅藝術館）、桃園市復興區（飛鼠不渴休閒露營農場）、桃園市中壢區（龍岡清真寺周邊穆斯林聚落）、基隆市中正區（基隆清真寺周邊穆斯林聚落）,"核定總金額 3,025,000 (含補助款 2,750,000 與配合款 275,000)",由社會責任辦公室提出問題進行分析，包含深化學生在地關懷素養及行動參與能力指標；資科系學生研發「順路經濟購物平台」獲國科會補助；培育部落青年擔任雜貨店店長。,打造風巢：將雜貨店轉型為社創營運中心與駐風站。順路經濟：利用 IT 工具建立村人互助運補機制。社會資源整合平台：整合政府補助 SOP 手冊（原教與移工權利），協助新住民與原民申請資源。,172
黎明技術學院,共鳴－攜手臺北啟聰學校建構聽障共融環境計畫,臺北市大同區（臺北市立啟聰學校）,"核定總金額 2,750,000 (含補助款 2,500,000 與配合款 250,000)",採網路滿意度問卷調查（整體滿意度 88%）與校務研究中心管考；協助啟聰學校獲得 2024 年國際宜居社區競賽銅獎；學生作品於創意市集販售成功。,建構北聰「學習實驗手創基地」；開設聽障關懷與跨域專題課程；引導聽障學生學習雷切、皮藝等創作技能並將作品商品化；建置校內志工服務「永續傳統」。,173
中國文化大學,北海岸社區韌性：在地永續知識與經濟創生,固定實踐場域：新北市金山區、萬里區與三芝區,"3,500,000",本校將進一步引入社會投資回報分析 (SROI) 認證原則，並支持計畫專任人員取得 SROI 初階規劃師證照；目前成效指標包含獲國際永續教育協會 2024 教育影響力獎、執行期間超百場行動、媒體報導 40 條。,建置與北海岸連結及永續運作系統，推動「三芝學」跨域課程。2. 回應場域需求：共創教材（軟絲復育桌遊、繪本）、提供公益法律服務、以循環建材重造金山高中文史教室及萬里國中校史室。3. 成立 USR 七校聯盟及國際見學交流。,174
國立臺北科技大學,漁村真本事－萬里野柳海岸地景保育與漁村文化永續,固定實踐場域：新北市萬里區野柳地質公園、野柳國小、野柳特產街、野柳保安宮、民權社區發展協會,"3,025,000 (含教育部補助款 2,750,000 及校配合款 275,000)",尚未在源文件中列出具體 SROI 數值，但量化成效包括：三座奇岩循環補強 24 次，使抗風化能力提升約 10 倍；完成 8 件漁村文物 3D 建模；辦理 44 場場域實踐活動，參與人次達 612 人次。,三大主軸：1. 轉化海廢浮石為節能建材與農業改良劑。2. 放送漁村本事：優化漁村漫遊行程、更新野柳國小海洋文化體驗館。3. 海岸地景復活術：利用「仿自然成因砂岩強化技術」為蕈狀岩（如女王頭）保固延壽並建立 3D 模型資料庫。,175
國立臺灣科技大學,活力創齡-共創共學習,固定實踐場域：臺北市大安區和平 183 樂活關懷站、新北市新莊區新北雙連樂齡健康活力中心；其他包含松年基金會據點及澎湖社區,"3,025,000 (含教育部補助款 2,750,000 及校配合款 275,000)",尚未在源文件中列出具體 SROI 數值，但量化成效包含：高齡參與者 502 人、學生參與 174 人、創意老化課程 18 場、血管健康量測 3 場；質化成效包含長者健康意識提升及促進世代交流。,創意老化：開發「桌上四季」教材包與點點畫課程，促進長者自信。2. 跨齡共創：透過醫療器材課程讓學生進入據點，為長者進行血管與心智健康評估。3. 智慧精進：開發穿戴式測量系統與桌遊，並推廣至偏鄉離島（澎湖）。,176
臺北市立大學,「你我共好」的善循環－社區永續的倡導、關懷與場域經營,固定實踐場域：新北市永和區民權社區發展協會（涵蓋民族、民權、民治、智光里）,"3,056,000 (含教育部補助款 2,750,000 及校配合款 306,000)","規劃引入 SROI 評估模式；量化成效包含社區實踐活動參與達 2,610 人次、社群媒體單篇觸及達 1,912 人；質化成效包含建立「社會處方箋」模式，改善失智與弱勢族群心理健康。",心理藝術療癒：推動「社會處方箋」學分學程，透過藝術治療關懷孤獨老人及弱勢家庭。2. 感性社區經營：優化社區商品「一口酥」包裝與行銷，建立志工故事集與宣傳影片。3. 創業培力：利用數位工具與新興科技（VR）提升長者資訊素養，創造非典型就業機會。,177
逢甲大學,安居樂業-打造永續韌性部落的教育示範場域,固定實踐場域：南投仁愛鄉眉溪部落、台中和平區達觀部落、嘉義阿里山鄉山美部落、屏東來義鄉古樓部落,"2,750,000 (含教育部補助款 2,500,000 及校配合款 250,000)","採用社會影響力報告標準 (SRS) 進行評估；量化成效包含修課學生 711 位、參與社區實踐活動約 1,200 位、產出 11 份部落教案與 3 套資訊系統；質化成效包含提升部落韌性與建立循環經濟模式。",淨零能源：在眉溪部落建置離網再生能源（沼氣發電）示範基地。2. 合作組織：協助部落籌組「多元照顧勞動合作社」。3. 智慧科技：開發韌性社區專用 APP（包含健康、交通、行銷功能）。4. 韌性行銷：透過影像敘事與 CDIO 模式推廣部落農產品與文化徑。,178
元智大學,寰宇文化領航,桃園市龜山區大埔國民小學、新屋區東明國民小學、八德區大成國民小學、觀音區草漯國民小學、龜山區大湖國民小學、中壢區自立國民小學、龍潭區高原國民小學、觀音區大潭國民小學、中壢區華勛國民小學、桃園區南門國民小學、大園區大園國民中學、大園區埔心國民小學、大園區大園國民小學、平鎮區平鎮國民中學、平鎮區文化國民小學、桃園區快樂國民小學、三峽罕病童護理孤兒院,"7,480,000",數位伴學透過 SPSS 成對樣本 t 檢定，證實小學伴英語成績平均進步 11.8 分（顯著係數 0.032）；主要子計畫滿意度均達 90% 以上。,包含寰宇領航培訓、文化巡航、精英師培、數位伴學與藝術城堡五大子計畫；特色為活用外籍生語言優勢進行多元文化教育，並首創「寰宇英悅展齡」教導長輩英語，獲遠見 USR 楷模獎及 TSAA 銀獎。,179
國立東華大學,智慧淨洄瀾合作永共融,花蓮縣鳳林鎮北林國民小學、慢城驛站 (鳳林鎮觀光旅遊發展協會)、萬榮鄉西林國民小學、吉安鄉初英山文化產業交流協會、鳳林西瓜田、伊佐牛牧場,"7,150,000",113 年五案 SROI 平均值為 3.41。各案具體為：合作社 0.75、VIP 課程 1.95、洄游農村 1.81、共學堂 3.41、小農市集 0.89、公益霜淇淋 1.28、玩具物流中心 1.54。,以「無邊境永續生活合作社」為載體，推動科普遊學、科技農牧（西瓜電子圍籬、牛隻定位）及智慧社區；成立花蓮首座玩具物流中心及東部首家綠電學習合作社。,180
大同大學,永續共榮在大同：優質教育與跨域實踐之差異群體服務基地加值計畫,臺北市立啟明學校、臺北市立啟聰學校、臺北市立臺北特殊教育學校、財團法人伊甸社會福利基金會、大同區健康服務中心,"8,341,304 (含 112 年滾存)",各項活動及講座整體參與成效平均介於 4.3 至 5.0 分之間；成功開發三項適應運動輔具及高齡復健遊戲。,以「差異共融」與「適應體育」為核心，為視障、聽障、多障生開發輔具（如巧固球、聲光互動彈珠台）；推動樂齡學程與 PSBH 國際問題解決松；跨域整合設計與工程學院實作量能。,181
輔仁大學,輔仁好學·好（ㄏㄠˋ）學新莊計畫,新莊區成德里、民全里、民安里、光明里、泰山區美華新村、瓊林社區、塭仔圳重劃區、新莊及泰山區各國民小學,"2,750,000",所有課程之學習動機、公民素養、個人價值與滿意度平均數均高於 4 分；國泰國小雙語教學滿意度達 94.1%。,三大主軸：公民好學、環境好學、藝文好學；推動大新莊生活環境博物園區（Eco Museum）構想，參與塭仔圳水圳修復與舊社區環境再造；開發地方特色桌遊、Podcast 與文創產品。,182
龍華科技大學,自閉症特教生適應性科技與食農教育-龍潭肯納社福莊園,桃園市龍潭區龍潭肯納社福莊園、桃園特教學校、鷺江國中,"2,750,000",VR/AR 適應性運動體驗參與超過 200 人次；開發 10 款特色茶飲，超過 500 人次體驗；問卷顯示 90% 以上參與者認同計畫對場域及星兒具正面影響。,運用 VR/AR 虛擬實境技術協助自閉症星兒進行職能復健與生活訓練；結合食農教育開發無咖啡因紓壓茶包；推動零廢棄牛仔布文青包及與鶯歌新旺集瓷鏈結提供就業機會。,183
中國醫藥大學,中西醫整合優質照護，守護兒童與青少年健康計劃,瑪利亞基金會瑪利亞學園、臺中市北屯國小、農村故事館 (七喜廚房)、財團法人天主教會臺中教區互愛物資銀行、中國醫藥大學附設醫院,"2,750,000",SROI 初評結果為 1:2.36。社區大眾衛教推廣價值佔 64.97%，觸及 23664 人次；兒少健康教育價值佔 35.01%，影響 8601 人次。,以中西醫整合照護解決臺中市兒少健康議題。特色包含：開發 22 部中醫有聲書與衛教影片（點閱破 1.8 萬次）、辦理自立兒少健康增能夏令營、北屯國小體重控制挑戰及 46 場社區活動。,184
嘉南藥理大學,西港風_敘事雲,臺南市西港區（港東里、西港里、慶安里、永樂里）,"2,750,000",未於來源中提及具體 SROI 數值指標,以西港傳統文化為主軸，運用新媒體行銷並將教育鏈結在地產業，應對社區老化與青年人口銳減問題。,185
樹德科技大學,青銀共創 活躍老化-社區照顧人才的培育與實作,高雄市大社區老人文康活動中心、大社區觀音社區關懷據點,"2,750,000",整體 SROI 數值約為 1.53。分項指標：教師 1.938、學生 1.23、高齡者 1.35、社區組織 2.73。,建構青銀共創實驗基地。特色亮點包含：三千歲歌舞團組成青銀街舞團隊榮獲金牌、辦理「老幼多元生活照顧 Care 創意競賽」、開設 7 門 USR 專業課程與馬來西亞國際交流。,186
高雄醫學大學,空污下的大學社會責任-環境教育與健康促進永續發展計畫,高雄市小港區、林園區、前鎮區、大寮區（含太平國小、鳳林國小、林園夜市等）,"8,250,000",未於來源中提及具體總體 SROI 數值（附錄顯示部分問卷分析成效滿意度高）,推動空污下健康照護與環境教育。核心特色包括：設立全國唯一「智慧肺健康門診」、推廣改良式油煙吸收桶、與越南院校國際合作人才培訓、開發「植物的神奇魔法」繪本及桌遊。,187
嘉南藥理大學,二仁溪流域 後現代城鎮漣漪翻轉策略： 逆勢啟動南方聚落軸線復興力量,固定實踐場域：臺南市南區（車仔寮關懷協會、松安社區發展協會、臺南市立醫院社區服務課、灣裡黃金商圈、灣裡保安宮、臺南市解說員發展協會、灣裡萬年文史推廣學會、南寧高級中學、省躬國民小學、國宅社區發展協會）、高雄市茄萣區（舢筏協會、立茄萣國民中學）,"2,750,000",智慧商圈行銷子計畫之 SROI 比率為 1.25,以「漣漪擴散、軸線翻轉」為核心，推動高齡健康樂活、智慧商圈行銷、地方創生再造、在地環境教育與低碳永續家園五項子計畫。特色包含與臺糖簽署 MOU 打造循環經濟，以及開發銀髮健身與數位行銷教材。,188
國立清華大學,〝S+M+ART〞跨學科與創客藝術在地智慧活氧計畫,固定實踐場域：新竹縣橫山鄉（老大份休閒農場、大山北月、上山喝咖啡/出企玩商行、沙坑國民小學）、新竹縣新豐鄉（小叮噹科學股份有限公司）,"2,750,000",未提供量化 SROI 數值。質化成效包含場域負責人表示振奮、受服務小學生對生態旅讀滿意度高，並產出多篇 USR 相關論文。,運用 STEAM 跨學科與創客實踐改善偏鄉教育。核心特色為「銀青幼-共創共學」平台，包含沙坑國小創客學堂、大山背柑橘藝術季、老大份生態旅讀步道，並結合企業 CSR 擴大服務效益。,189
國立臺北大學,環抱海山深耕三峽：北大文化城的創生、活化與擴展,固定實踐場域：新北市三峽區（北大特區及其周邊地區）、新北市樹林區（樹林老街及其周邊地區）,"3,025,000","計畫成果將送外部公證機構以 SROI 進行評估（目前尚未揭露具體數值）。量化成效包括短影音觸及率達 70K，推廣活動參與達 8,000 人次。",建立「四金一陶」（茶、礦、藍染、紅麴、陶瓷）產業架構。特色包含三峽綠茶季、大三鶯走路節、數位 GIS 走讀地圖及紀錄片製作，並促成李梅樹紀念館遷入校園。,190
國立臺東大學,臺東 Y-2計畫：共創山海沙城好未來,固定實踐場域：臺東縣延平鄉（武陵、永康）、金峰鄉（嘉蘭、新興）、卑南鄉（杉原、加路蘭）、臺東市區,"17,250,000","2024年計畫利害關係人調查進行中。量化指標達成率 99%，包含完成 60 部數位實境作品、502 人次取得專業證照，並創造具體產值 2,546,747 元。",實踐責任觀光與「共好」複合式旅遊。特色包含跨領域課程模組、阿美陶復振、大地餐桌設計、水域運動人才培育，並與立榮航空合作行銷部落行程。,191
實踐大學,北投學-在北投向北投學,固定實踐場域：臺北市北投區（北投文化基金會中心新村、北投社區大學、新民國中、義方國小、立農國小）,"3,025,000",計畫成果將送外部公證機構以 SROI 作為評估工具（目前尚未提供具體數值）。質化成效包含提升居民對北投文化認同及學童創造力。,設計學院四系共同投入，以「向北投學習」為核心。特色包含「北投共築節」微構築實作、義方國小北投體操、泥染色彩實驗，以及打石文化教材開發。,"190, 192"
南華大學,擴散慢城意涵－營造永續宜居城鄉生活,國內：嘉義縣大林鎮區、上林社區；雲林縣古坑鄉麻園社區；苗栗縣三義鄉。國外：泰國夜豐頌府拜縣、清邁。,"9,900,000","透過 IPA 分析利害關係人對慢城八大面向、72 項指標之認知。歷年累計問卷 1,551 份、對談 2,683 人次。113 年自訂關鍵績效指標達成 100%。",以慢城公約為核心，推動慢遊、慢食、生態農業。特色包含建立跨領域教師社群、導入 AI 科技辨識青蛙、開創台泰跨國設計思考課程及移地教學。,193
東吳大學,北投心韌齡生活圈,臺北市北投區秀山里及鄰近區域、北投區健康服務中心。,"3,150,000",運用基本心理需求、老化態度、幸福感等量表進行前後測。結果顯示顯著提升勝任感與幸福感，減少心理社會流失。受眾參與 1197 人次。,採用自我決定論架構，推動情緒/運動/科技健腦練功坊。特色為培訓熟齡者成為「社區生活體驗教練」，並研發 LINE chatbot「散步好朋友」。,194
東吳大學,老士林新共生-建立跨世代社區支持網,臺北市士林區福華社區、岩山社區；北投區洲美社區。,"2,850,000",本期帶領 681 位學生參與場域。福華年末餐會累積超過 170 人次參與，並入圍第五屆《遠見》USR 獎在地共融組傑出方案。,關注獨居長者與社區文史。核心包含「共享金孫」家戶陪伴、洲美暑期班與互助市集、老整宅長者調查，並培植青年成立「台灣美好生活集河協會」。,195
馬偕醫學院,給三芝全面的愛_社區老人多層面健康促進計畫,新北市三芝區埔坪里、樂天社區、福成社區、三芝長老教會及北投區中心里。,"2,875,000",舉辦 13 次社區實踐，長者 521 人次接受健康評估。學生修課人數 96 人。前後測顯示長者健康知識有顯著進步。,跨領域團隊合作(醫學、護理、聽語、視光)。提供長者視聽力、吞嚥、代謝等評估與衛教。特色為將 USR 精神結合專業醫學教育課程。,196
龍華科技大學,桃園新屋石滬文化永續發展計劃,桃園市新屋區新屋石滬故事館及周邊海岸。,"2,750,000",開發 15 件海廢商品。舉辦 20 場以上活動，吸引超過 500 名參與者。作品「Toilet Cloak」獲得 2024 iF 國際設計獎。,核心為「石滬文化」與「環境永續」。特色包含新屋石滬品牌建立、海廢塑料再製技術(30秒製程)、跨校馬祖營隊與新一代設計展聯展。,197
台北海洋科技大學,Not in source,Not in source,Not in source,Not in source,培育海洋觀光產業服務管理人才，培育水域遊憩活動服務管理人才。,198
台北海洋科技大學,Not in source,Not in source,Not in source,Not in source,Not in source,Not in source